Artigo:,Autor:,Página,Edição:,Categoria:,Componentes:,Notas:,Data:
Acionador seletivo (BC548),,61,1,Circuitos,,,
Alarmes com SCRs (MCR106/TIC 106),,23,1,Circuitos,,,
Alarme integrado de luz (741),,58,1,Circuitos,,,
Alarme de temperatura (SCR/BC548),,114,1,Circuitos,,,
Alarme de umidade (SCR/BC 548),,115,1,Circuitos,,,
Alarme de baixa corrente - 60 UA (SCR/BC548),,116,1,Circuitos,,,
Alarme com o 741,,152,1,Circuitos,,,
Alarme de umidade (741),,153,1,Circuitos,,,
"Amplificador TBAB20L (2,2W)",,26,1,Circuitos,,,
Amplificador de 5W (BD135/BD136),,38,1,Circuitos,,,
Amplificador AM-FM (BF 494),,52,1,Circuitos,,,
Amplificador de 3V (BC548),,87,1,Circuitos,,,
Amplificador 741 (1-100 ganho),,132,1,Circuitos,,,
Amplificador TBA810S,,139,1,Circuitos,,,
Biestável como 741,,135,1,Circuitos,,,
Biestável 741 - sem fonte simétrica,,136,1,Circuitos,,,
Casador de impedâncias (BC 548),,53,1,Circuitos,,,
Contador até 99 (7490),,125,1,Circuitos,,,
Contador até 10 como 4017,,99,1,Circuitos,,,
Conversor de 12V para 6V ou 9V (2N3055),,47,1,Circuitos,,,
Conversor tensão/frequência (2N2646),,47,1,Circuitos,,,
Conversor analógico-digital (2N2646),,140,1,Circuitos,,,
Controle segúencial por relê (4017),,78,1,Circuitos,,,
Cronômetro neon,,110,1,Circuitos,,,
Detetor de umidade (SCR),,14,1,Circuitos,,,
Detetor de prioridade (MCR 106),,124,1,Circuitos,,,
Detetor de mentiras (BC548),,131,1,Circuitos,,,
Dimmer com SCR,,19,1,Circuitos,,,
Dimmer com Triac,,20,1,Circuitos,,,
Disparo de SCRs por CMOS,,95,1,Circuitos,,,
Duas potências com Triac,,92,1,Circuitos,,,
Eletroscópio (MPF 102),,72,1,Circuitos,,,
Eliminador de pilhas (BD/TIP),,36,1,Circuitos,,,
Estabilizador paralelo (2N3055),,12,1,Circuitos,,,
Etapa de áudio simples (1) (TIP/2N3055),,29,1,Circuitos,,,
Etapa de áudio simples (ll) (BC548),,37,1,Circuitos,,,
Etapa de 2 transistores (75 dB),,144,1,Circuitos,,,
Etapa de 2 transistores (2M),,145,1,Circuitos,,,
Etapa FET (2N3819),,149,1,Circuitos,,,
Filtro contra interferências,,17,1,Circuitos,,,
Fonte de 12V x 2A (2N3055),,43,1,Circuitos,,,
Fonte de M.A.T. (MCR106),,79,1,Circuitos,,,
Fonte sem transformador,,93,1,Circuitos,,,
Fonte de 1000V (BD 135),,100,1,Circuitos,,,
Foto oscilador I (2N2646),,25,1,Circuitos,,,
Foto multivibrador (BC548),,84,1,Circuitos,,,
Foto oscilador II (BC548/BC558),,89,1,Circuitos,,,
Fotômetro simples (LDR),,101,1,Circuitos,,,
Gerador de ruído branco (BC548),,50,1,Circuitos,,,
Gerador de barras para TV (BF 494),,102,1,Circuitos,,,
Gerador de tons para rádio controle (BC548),,104,1,Circuitos,,,
Iluminação de emergência,,83,1,Circuitos,,,
Interruptor de toque I (MCR 106),,10,1,Circuitos,,,
Interruptor crepuscular (MCR106),,10,1,Circuitos,,,
Interruptor de togue II (MCR106),,16,1,Circuitos,,,
Interruptor temporizado (MCR 106),,21,1,Circuitos,,,
interruptor noturno (MCR106),,68,1,Circuitos,,,
Interruptor de onda completa com SCR,,118,1,Circuitos,,,
Interruptor SCR (liga/desliga),,119,1,Circuitos,,,
Interruptor SCR (somente liga),,120,1,Circuitos,,,
Inversor de pequena potência,,24,1,Circuitos,,,
Jogo da velocidade (SCR),,32,1,Circuitos,,,
Lâmpada mágica (MCR106),,129,1,Circuitos,,,
Leds em CA,,74,1,Circuitos,,,
Leds rítmicos (MCR106/TIC 106),,127,1,Circuitos,,,
Limitador de ruídos para fones,,157,1,Circuitos,,,
Luz rítmica (MCR 106),,22,1,Circuitos,,,
Luz rítmica de 12V (2N3055),,29,1,Circuitos,,,
Luz estroboscópica (xenônio),,51,1,Circuitos,,,
Medidor de intensidade de campo Metrônomo (BC557),,111,1,Circuitos,,,
Micro transmissor de FM (BF 494),,45,1,Circuitos,,,
Micro rádio,,56,1,Circuitos,,,
Micro amplificador (BC548) .,,84,1,Circuitos,,,
Mini buzzer (2N2646),,29,1,Circuitos,,,
Mini temporizador (MCR 106),,73,1,Circuitos,,,
Mixer-mic (741),,57,1,Circuitos,,,
Móbile rítmico (MCR 106),,126,1,Circuitos,,,
Monoestável (BC548),,148,1,Circuitos,,,
Multivibrador em áudio (BC 548),,40,1,Circuitos,,,
Nervo teste com choque,,122,1,Circuitos,,,
Órgão eletrônico simples (2N2646),,76,1,Circuitos,,,
Oscilador multi-usos (BC547/BC548),,27,1,Circuitos,,,
Oscilador UJT (2N2646),,41,1,Circuitos,,,
Oscilador duplo T (BC548),,46,1,Circuitos,,,
Oscilador de relaxação com 741,,60,1,Circuitos,,,
Oscilador de relaxação com SCR,,63,1,Circuitos,,,
Oscilador de áudio (BC548/BC558),,65,1,Circuitos,,,
Oscilador RF (BF 494),,69,1,Circuitos,,,
Oscilador 1 kHz (BC548),,71,1,Circuitos,,,
Oscilador 600 kHz (BF 494),,82,1,Circuitos,,,
Oscilador TTL de áudio,,96,1,Circuitos,,,
Oscilador de relaxação modulado (2N2646),,112,1,Circuitos,,,
Oscilador disparado (7400),,123,1,Circuitos,,,
Oscilador ultra-sônico (BC 548),,130,1,Circuitos,,,
Oscilador 1 kHz (741),,133,1,Circuitos,,,
Oscilador 500 Hz - 5 kHz (741),,134,1,Circuitos,,,
Oscilador para praticar telegrafia (741),,137,1,Circuitos,,,
Oscilador de potência (741/BD135/6),,138,1,Circuitos,,,
Oscilador sensível à luz (741),,151,1,Circuitos,,,
Pequeno inversor (2N3055),,87,1,Circuitos,,,
Pisca-pisca/Semáforo (BC 548),,12,1,Circuitos,,,
Pisca-pisca (7400),,54,1,Circuitos,,,
Pisca-pisca simples (BC548/BC 558),,66,1,Circuitos,,,
Pisca-pisca de potência (2N3055),,106,1,Circuitos,,,
Pisca-led (2N2646),,108,1,Circuitos,,,
Pisca-neon,,109,1,Circuitos,,,
Pirógrafo (TIC226),,105,1,Circuitos,,,
Ponte de capacitâncias,,98,1,Circuitos,,,
Pré para microfone dinâmico (BC548),,156,1,Circuitos,,,
Proteção para fontes (SCR;,,33,1,Circuitos,,,
Pulsador fluorescente (MCR 106),,34,1,Circuitos,,,
Pulsador de potência (MCR 106),,128,1,Circuitos,,,
Pulsador com SCR (MCR106),,142,1,Circuitos,,,
Rádio de 3 transistores (BC548/BD 135),,14,1,Circuitos,,,
Rádio sensível com 3 transistores (BC548),,31,1,Circuitos,,,
Receptor de rádio controle (BF/BC),,77,1,Circuitos,,,
Reed switch em controle de potência (MCR106),,39,1,Circuitos,,,
Reforçador de sinais (BF 494),,158,1,Circuitos,,,
Relaxação com dois transistores (BC548/BC558),,94,1,Circuitos,,,
Relê eletrônico (BC 548),,81,1,Circuitos,,,
Relê de luz (BC548),,44,1,Circuitos,,,
Relé driver (1 transistor - ganho 100),,146,1,Circuitos,,,
Relê driver (2 transistores),,147,1,Circuitos,,,
Reostato (2N3055),,155,1,Circuitos,,,
Sensível interruptor de toque (SCR),,70,1,Circuitos,,,
Sequenciador para 6 ou 12V (MCR106),,64,1,Circuitos,,,
Simples estroboscópio (MCR 106),,18,1,Circuitos,,,
Simples detetor de mentiras (BC548),,154,1,Circuitos,,,
Simples etapa amplificadora (BC 548),,143,1,Circuitos,,,
Sintonizador AM (BC 548),,91,1,Circuitos,,,
Sirene simples (1 tom) (BC548/2N3055),,9,1,Circuitos,,,
Sirene de dois tons (555),,49,1,Circuitos,,,
Sirene 7400,,97,1,Circuitos,,,
Sismógrafo (MCR106),,86,1,Circuitos,,,
Som remato,,121,1,Circuitos,,,
Temporizador (2N2646),,62,1,Circuitos,,,
Termômetro eletrônico (BC 548),,103,1,Circuitos,,,
Timer 10 minutos (2N2646),,113,1,Circuitos,,,
Timer 1 hora (BC548/MCR 106;,,141,1,Circuitos,,,
Transmissor para rádio controle (BF 494),,35,1,Circuitos,,,
Transmissor de rádio controle (BF 494),,40,1,Circuitos,,,
Transmissor de FM com eletreta (BF 494),,59,1,Circuitos,,,
Transmissor de rádio controie modulado (BC/8F),,75,1,Circuitos,,,
Transmissor AM (BC 548),,90,1,Circuitos,,,
Transmissor de ondas curias (Br 494),,107,1,Circuitos,,,
Triac + UJT = controle de potência,,117,1,Circuitos,,,
TV oscilador (BF 494),,88,1,Circuitos,,,
VU de leds (BD 135/BC548),,55,1,Circuitos,,,
Alfa x Beta,,116,1,Fórmulas,,,
Auto indução de uma (núcleo de ar),,113,1,Fórmulas,,,
Cálculo de proteção de fontes,,33,1,Fórmulas,,,
Cálculo de tempo para o unijunção,,62,1,Fórmulas,,,
Capacitores em paralelo e em série,,16,1,Fórmulas,,,
Circuito RLC paralelo,,140,1,Fórmulas,,,
Circuito RG paralelo,,141,1,Fórmulas,,,
Circuito RC série,,142,1,Fórmulas,,,
Comprimento de onda x frequência,,95,1,Fórmulas,,,
Conversão de temperaturas,,70,1,Fórmulas,,,
Decibels,,127,1,Fórmulas,,,
Efeito Joule (dissipação de potência em forma de calor),,22,1,Fórmulas,,,
Filtro passa baixas,,17,1,Fórmulas,,,
Filtro acionador seletivo,,61,1,Fórmulas,,,
Filtros passa baixas e passa altas,,117,1,Fórmulas,,,
Frequência do multivibrador astável,,9,1,Fórmulas,,,
Frequência de um circuito LC paralelo,,13,1,Fórmulas,,,
Frequência do oscilador unijunção,,30,1,Fórmulas,,,
Frequência x periodo,,44,1,Fórmulas,,,
Frequência do duplo T,,46,1,Fórmulas,,,
Frequência do astável 555,,49,1,Fórmulas,,,
Funções trigonométricas,,64,1,Fórmulas,,,
Impedâncias (RL e RC),,58,1,Fórmulas,,,
Indutâncias pequenas,,120,1,Fórmulas,,,
Lei de Ohm,,34,1,Fórmulas,,,
Lei de Coulomb,,107,1,Fórmulas,,,
Oscilador de relaxação (neon),,106,1,Fórmulas,,,
Ponte de Wheatstone,,79,1,Fórmulas,,,
Ponte de Wien .,,98,1,Fórmulas,,,
Resistores em paralelo e em série,,15,1,Fórmulas,,,
Resistência de um condutor homogêneo de secção constante,,27,1,Fórmulas,,,
RLC - impedâncias e defasagens (1),,87,1,Fórmulas,,,
RLC - impedâncias e defasagens (II),,88,1,Fórmulas,,,
Reatâncias indutiva e capacitiva,,123,1,Fórmulas,,,
741 - amplificador operacional,,57,1,Componentes,,,
4001 ou CD4001,,99,1,Componentes,,,
7400,,54,1,Componentes,,,
7402,,55,1,Componentes,,,
7404,,96,1,Componentes,,,
7410,,97,1,Componentes,,,
7420,,102,1,Componentes,,,
7430,,108,1,Componentes,,,
7442,,109,1,Componentes,,,
7486,,110,1,Componentes,,,
7490,,115,1,Componentes,,,
1N4001 a 1N4007,,11,1,Componentes,,,
1N4148e 1N914,,44,1,Componentes,,,
1N5411 e 40583 - Diacs,,105,1,Componentes,,,
"1N43, 1N34, 1N34A etc. - diodos",,150,1,Componentes,,,
2N2646,,25,1,Componentes,,,
2N3055,,28,1,Componentes,,,
2SB370 - 2SD170,,148,1,Componentes,,,
4017 ou CD4017,,78,1,Componentes,,,
"BC547, BC548, BC546, BC549, BC550",,31,1,Componentes,,,
BC327 - BC328,,89,1,Componentes,,,
BC337 - BC338,,90,1,Componentes,,,
"BD135, BD137, BD139, TIP29",,24,1,Componentes,,,
"BD138, BD140, BD136",,65,1,Componentes,,,
BD331,,133,1,Componentes,,,
BD332,,134,1,Componentes,,,
BD433,,135,1,Componentes,,,
BD434,,136,1,Componentes,,,
BF245 - BF410 - Fets de canai N,,149,1,Componentes,,,
BF494,,35,1,Componentes,,,
BZX79 - diodo zener,,43,1,Componentes,,,
MPF102,,72,1,Componentes,,,
MCR106,,32,1,Componentes,,,
TIP31,,30,1,Componentes,,,
TIC106,,39,1,Componentes,,,
TIP30,,66,1,Componentes,,,
TIC226,,92,1,Componentes,,,
TIP41,,125,1,Componentes,,,
TIP42,,126,1,Componentes,,,
TBA81O,,139,1,Componentes,,,
TBA8B20,,147,1,Componentes,,,
"NTC (B8 320, TD11, TD6, TD5)",,114,1,Componentes,,,
Pré-amplificadores integrados,,132,1,Componentes,,,
Canais de TV e suas frequências,,51,1,Tabelas e Códigos,,,
Capacitores de poliéster metalizado Circuitos lógicos,,63,1,Tabelas e Códigos,,,
Código Morse,,48,1,Tabelas e Códigos,,,
Código europeu de semicondutores,,56,1,Tabelas e Códigos,,,
Código SINFO,,138,1,Tabelas e Códigos,,,
Comprimento máximo de fios (som),,145,1,Tabelas e Códigos,,,
Constantes de tempo RC,,21,1,Tabelas e Códigos,,,
Conversão de capacitâncias e correntes,,36,1,Tabelas e Códigos,,,
Conversão binário x decimal,,68,1,Tabelas e Códigos,,,
Corrente de fusão de fios,,73,1,Tabelas e Códigos,,,
Constantes dielétricas,,81,1,Tabelas e Códigos,,,
Corrente máxima num resistor 50% de sua dissipação,,91,1,Tabelas e Códigos,,,
Correntes de motores elétricos,,146,1,Tabelas e Códigos,,,
"Equivalência de integrados (741, MC 1310, LM104)",,128,1,Tabelas e Códigos,,,
Frequências de radiodifusão e TV,,45,1,Tabelas e Códigos,,,
Leitura de capacitores cerâmicos,,112,1,Tabelas e Códigos,,,
Nomes de faixas de radiocomunicações,,47,1,Tabelas e Códigos,,,
Potências de 10 - prefixos,,37,1,Tabelas e Códigos,,,
"Ponto de fusão de ligas, metais outras substâncias",,94,1,Tabelas e Códigos,,,
Resistores (código de cores),,19,1,Tabelas e Códigos,,,
Resistividade de alguns materiais,,80,1,Tabelas e Códigos,,,
Rigidez dielétrica em kV/cm,,82,1,Tabelas e Códigos,,,
beta pediatra Som - frequências e comprimentos de onda,,121,1,Tabelas e Códigos,,,
Série tribo-elétrica,,144,1,Tabelas e Códigos,,,
Tabela de resistividade,,28,1,Tabelas e Códigos,,,
Unidades e abreviaturas,,42,1,Tabelas e Códigos,,,
Unidades usadas em fotometria radiometria,,101,1,Tabelas e Códigos,,,
Valores padrão de resistores,,38,1,Tabelas e Códigos,,,
Velocidade do som em alguns materiais,,129,1,Tabelas e Códigos,,,
Velocidade do som em líquidos,,130,1,Tabelas e Códigos,,,
Alfabeto fonético internacional,,50,1,Tabelas e Códigos,,,
Antenas de rádio :,,58,1,Tabelas e Códigos,,,
Características do seguidor de tensão,,59,1,Tabelas e Códigos,,,
Características das subfamílias TTL,,118,1,Tabelas e Códigos,,,
Características dos operacionais (termos),,153,1,Tabelas e Códigos,,,
Circuitos retificadores,,83,1,Tabelas e Códigos,,,
Constantes físicas,,74,1,Tabelas e Códigos,,,
Curva característica do diodo zener,,12,1,Tabelas e Códigos,,,
Curva típica de impedância de alto-falante,,122,1,Tabelas e Códigos,,,
Dobradores e triplicadores de tensão,,85,1,Tabelas e Códigos,,,
Efeitos fisiológicos da corrente elétrica,,11,1,Tabelas e Códigos,,,
Especificações e frequências subfamílias TTL,,119,1,Tabelas e Códigos,,,
Espectro de algumas fontes emissoras,,18,1,Tabelas e Códigos,,,
Espectro de lâmpadas de carvão,,124,1,Tabelas e Códigos,,,
Faixa de áudio,,26,1,Tabelas e Códigos,,,
Fonte simples/fonte simétrica para AO,,60,1,Tabelas e Códigos,,,
Frequências de rádio controle,,40,1,Tabelas e Códigos,,,
Mono estável 555,,104,1,Tabelas e Códigos,,,
Multiplicador de tensão,,100,1,Tabelas e Códigos,,,
Medidas de corrente e tensão resistores,,143,1,Tabelas e Códigos,,,
Padrão de irradiação de transmissor RC,,75,1,Tabelas e Códigos,,,
Prova de diodos,,131,1,Tabelas e Códigos,,,
Prova de transformadores,,155,1,Tabelas e Códigos,,,
Prova de eletrolíticos,,137,1,Tabelas e Códigos,,,
Prova de transistores (com multímetro),,152,1,Tabelas e Códigos,,,
Prova de fones,,157,1,Tabelas e Códigos,,,
Quadruplicadores de tensão,,86,1,Tabelas e Códigos,,,
Símbolos eletrônicos (1),,76,1,Tabelas e Códigos,,,
Símbolos eletrônicos (II),,77,1,Tabelas e Códigos,,,
Terminais de um potenciômetro (ligações),,20,1,Tabelas e Códigos,,,
Teminais de um relé (RU 101006/12),,23,1,Tabelas e Códigos,,,
Termos ingleses para características de pulsos,,,1,Tabelas e Códigos,,página ilegível no índice original (OCR),
Teste de zeners,,154,1,Tabelas e Códigos,,,
Tipos de capacitores,,156,1,Tabelas e Códigos,,,
Valores em senóides,,52,1,Tabelas e Códigos,,,
Amplificador (BD135/6),,13,2,Circuitos,,,
Amplificador com ganho,,39,2,Circuitos,,,
Amplificador para fone,,43,2,Circuitos,,,
Amplificador de 1/2W x6V,,68,2,Circuitos,,,
Amplificador ganho 1000,,69,2,Circuitos,,,
Amplificador (TIP 29),,73,2,Circuitos,,,
Amplificador para fotodiodo,,89,2,Circuitos,,,
Amplificador (300mW a 1W),,106,2,Circuitos,,,
"Amplificador 2,0W",,107,2,Circuitos,,,
Amplificador TDA2002,,112,2,Circuitos,,,
Amplificador de 15W,,149,2,Circuitos,,,
Amplificador 7241,,150,2,Circuitos,,,
"Amplificador de 1,5V",,152,2,Circuitos,,,
Amplificador para relé,,117,2,Circuitos,,,
Astável (BC 548),,96,2,Circuitos,,,
Astável kHz,,125,2,Circuitos,,,
Biestável com transistores,,98,2,Circuitos,,,
Chave de toque CMOS,,17,2,Circuitos,,,
Chave de toque 741,,18,2,Circuitos,,,
Chave de toque (BC 548),,42,2,Circuitos,,,
Chave de toque (4039),,120,2,Circuitos,,,
Chave de toque CMOS,,121,2,Circuitos,,,
Chave detoque 4011,,123,2,Circuitos,,,
Contador/decodificador,,35,2,Circuitos,,,
Carregador de corrente constante,,61,2,Circuitos,,,
Conversor senoidal-retangular,,71,2,Circuitos,,,
Comparador de luz,,130,2,Circuitos,,,
Capacitor eletrolítico de CA,,143,2,Circuitos,,,
Chama-peixes,,66,2,Circuitos,,,
Controle para motores,,100,2,Circuitos,,,
Controle de tome volume,,136,2,Circuitos,,,
Controle detom,,137,2,Circuitos,,,
Controle de tom integrado,,140,2,Circuitos,,,
DivisorporB,,30,2,Circuitos,,,
Divisor por6,,29,2,Circuitos,,,
Divisorpor,,28,2,Circuitos,,,
Divisorpor,,27,2,Circuitos,,,
Divisor por,,25,2,Circuitos,,,
Divisorpor11,,24,2,Circuitos,,,
Divisorpor,,23,2,Circuitos,,,
Divisorpor,,22,2,Circuitos,,,
Divisor programável de frequência,,31,2,Circuitos,,,
Divisor programável,,48,2,Circuitos,,,
Divisor CMOS de 1a 9999,,108,2,Circuitos,,,
Divisor de tensão,,118,2,Circuitos,,,
Dado eletrônico,,151,2,Circuitos,,,
Detector de umidade,,45,2,Circuitos,,,
Detector de nível,,102,2,Circuitos,,,
Diferenciador,,63,2,Circuitos,,,
Etapa amplificadora,,83,2,Circuitos,,,
Etapade 3transistores,,99,2,Circuitos,,,
Extensão para alto-falante,,47,2,Circuitos,,,
Estabilizador 723,,125,2,Circuitos,,,
Filtrode rumble,,142,2,Circuitos,,,
Filtro passa-faixa,,64,2,Circuitos,,,
Filtro passa-faixa,,65,2,Circuitos,,,
Filtro notch (rejeitor),,142,2,Circuitos,,,
Fonte galvanoplástica,,86,2,Circuitos,,,
Fonte protegida (9 V),,93,2,Circuitos,,,
Fonte CC — experimentál,,111,2,Circuitos,,,
Fonte regulada variável (0-12 V),,114,2,Circuitos,,,
Fonte protegida,,132,2,Circuitos,,,
Foto-oscilador,,12,2,Circuitos,,,
Fotorelé,,79,2,Circuitos,,,
Flip-flop com,,92,2,Circuitos,,,
Flip-flopled,,144,2,Circuitos,,,
Gerador de pulsos aleatórios,,70,2,Circuitos,,,
Gerador de funções,,85,2,Circuitos,,,
Gerador de ruído branco,,122,2,Circuitos,,,
Gerador de ruído,,154,2,Circuitos,,,
Indicador de polaridade,,14,2,Circuitos,,,
Integrador,,,2,Circuitos,,página ilegível no índice original (OCR),
Intercomunicador,,76,2,Circuitos,,,
Isolador com acoplador óptico,,153,2,Circuitos,,,
Luz de emergência,,8,2,Circuitos,,,
Luzrítmica,,131,2,Circuitos,,,
Limitador de corrente,,41,2,Circuitos,,,
Mixer TL-OB1T,,77,2,Circuitos,,,
Mixer — FET,,81,2,Circuitos,,,
Mixer (BC548/9),,82,2,Circuitos,,,
Mixer,,147,2,Circuitos,,,
Metrônomo,,19,2,Circuitos,,,
Metrônomo,,51,2,Circuitos,,,
Monoestável 4001,,38,2,Circuitos,,,
Monoestável,,95,2,Circuitos,,,
Módulo de contagem CMOS,,9,2,Circuitos,,,
Modulador para guitarra (WÁ — WÁ),,90,2,Circuitos,,,
Modulador unifunção,,21,2,Circuitos,,,
Microtimer,,26,2,Circuitos,,,
Monitor de áudio,,124,2,Circuitos,,,
Multivibrador de baixo consumo,,139,2,Circuitos,,,
Oscilador 1kHz,,10,2,Circuitos,,,
Oscilador 555,,15,2,Circuitos,,,
Oscilador acristal,,33,2,Circuitos,,,
Oscilador puisante CMOS,,40,2,Circuitos,,,
Oscilador 2-20kHz,,49,2,Circuitos,,,
Oscilador lento CMOS,,,2,Circuitos,,página ilegível no índice original (OCR),
Oscilador de 2 tons,,59,2,Circuitos,,,
Oscilador duplo—T,,67,2,Circuitos,,,
Oscilador de 3 tons,,87,2,Circuitos,,,
Oscilador xtal —1MHz — CMOS,,110,2,Circuitos,,,
Oscilador amortecido,,113,2,Circuitos,,,
Oscilador com filtro cerâmico,,115,2,Circuitos,,,
Oscilador quartzo,,127,2,Circuitos,,,
Oscilador de RF,,138,2,Circuitos,,,
Oscilador 1kHz,,141,2,Circuitos,,,
Oscilador TTL acristal,,155,2,Circuitos,,,
Oscilador FET 4a 18MHz,,150,2,Circuitos,,,
Opto-Schmitt trigger,,146,2,Circuitos,,,
Pré-amplificador paramicrofone,,37,2,Circuitos,,,
Pré-Universal,,50,2,Circuitos,,,
Précom FET,,54,2,Circuitos,,,
Pré para microfone,,88,2,Circuitos,,,
Pré-amplificador de áudio,,126,2,Circuitos,,,
Pré-amplificador (BC 549),,134,2,Circuitos,,,
Provador de continuidade,,44,2,Circuitos,,,
Provador de diodos,,128,2,Circuitos,,,
Pisca-pisca de potência,,74,2,Circuitos,,,
Porta NAND transistorizada,,97,2,Circuitos,,,
Quadruplicador de tensão,,105,2,Circuitos,,,
Rádio solar,,133,2,Circuitos,,,
Rádio simples,,135,2,Circuitos,,,
Relé intermitente,,47,2,Circuitos,,,
Reforçador desinais,,75,2,Circuitos,,,
Schmitttrigger,,16,2,Circuitos,,,
Schmitt trigger (BC 548),,145,2,Circuitos,,,
Sirene de 2 tons,,52,2,Circuitos,,,
Sirene,,103,2,Circuitos,,,
Set/Reset flip-flop com 7400,,36,2,Circuitos,,,
Simples timer,,46,2,Circuitos,,,
Saída de áudio,,78,2,Circuitos,,,
Transmissor FM integrado,,20,2,Circuitos,,,
Transmissor CW — OM,,72,2,Circuitos,,,
Termômetro eletrônico,,,2,Circuitos,,página ilegível no índice original (OCR),
Termômetro,,129,2,Circuitos,,,
Telégrafo telúrico,,32,2,Circuitos,,,
Tacômetro DB5,,86,2,Circuitos,,,
Triplicador de tensão,,91,2,Circuitos,,,
Toque seguêncial,,119,2,Circuitos,,,
VCO com 04046,,9,2,Circuitos,,,
VFO comvaricap,,148,2,Circuitos,,,
VU-meter,,83,2,Circuitos,,,
VU simples,,104,2,Circuitos,,,
Zener operacional,,11,2,Circuitos,,,
Capacitores despolarizados,,104,2,Fórmulas,,,
Campo elétrico,,147,2,Fórmulas,,,
Constante detempo,,66,2,Fórmulas,,,
Diferenciador operacional,,109,2,Fórmulas,,,
Dipolo dobrado,,123,2,Fórmulas,,,
Energia armazenada num capacitor,,74,2,Fórmulas,,,
Fator O(1,,122,2,Fórmulas,,,
Fonte de corrente constante,,34,2,Fórmulas,,,
Fórmula para o oscilador,,70,2,Fórmulas,,,
Freguênciado oscilador,,10,2,Fórmulas,,,
impedância de linha de 2 fios paralelos,,9,2,Fórmulas,,,
Impedância RLC paralelo,,140,2,Fórmulas,,,
integrador operacional,,91,2,Fórmulas,,,
Inversor,,127,2,Fórmulas,,,
Multiplicador operacional,,109,2,Fórmulas,,,
Oscilador BBB,,15,2,Fórmulas,,,
Parâmetros híbridos (D,,26,2,Fórmulas,,,
Parâmetros híbridos (ID,,29,2,Fórmulas,,,
Parâmetros híbridos (ll),,50,2,Fórmulas,,,
Porta AND,,124,2,Fórmulas,,,
Porta NOR,,128,2,Fórmulas,,,
Porta OR,,126,2,Fórmulas,,,
Porta NAND,,129,2,Fórmulas,,,
Portaexclusive OR,,130,2,Fórmulas,,,
Pontede Hay,,32,2,Fórmulas,,,
Pontede Maxwell,,57,2,Fórmulas,,,
Ponte de Schering,,77,2,Fórmulas,,,
Polarização de transistor,,38,2,Fórmulas,,,
Resistor limitador para leds,,18,2,Fórmulas,,,
Ruído térmico,,20,2,Fórmulas,,,
Seguidor detensão,,34,2,Fórmulas,,,
Somador operacional,,110,2,Fórmulas,,,
Subtrator operacional,,9,2,Fórmulas,,,
Valores RMS emédio,,16,2,Fórmulas,,,
2N3819,,152,2,Componentes,,,
2N2219/2N2219A,,95,2,Componentes,,,
28B75/28B175,,88,2,Componentes,,,
3N128/3N143,,68,2,Componentes,,,
BB204/BB304,,117,2,Componentes,,,
BC237/BC238/BC239,,55,2,Componentes,,,
BD329/BD330,,40,2,Componentes,,,
BF180/BF181/BF182/BF183/BF184/BF185,,75,2,Componentes,,,
BFR84/BFS28,,31,2,Componentes,,,
PN10/PM10,,1,2,Componentes,,,
Características básicas da série lógica,,35,2,Tabelas e Códigos,,,
Características das configurações tran-sistorizadas,,135,2,Tabelas e Códigos,,,
Características do germânio e do silício,,138,2,Tabelas e Códigos,,,
Correntes máximas de potenciômetro,,36,2,Tabelas e Códigos,,,
Correntes médias de alguns eletrodo-mésticos,,64,2,Tabelas e Códigos,,,
Defeitos de rádios transistorizados,,93,2,Tabelas e Códigos,,,
Equivalência TTL Européia,,62,2,Tabelas e Códigos,,,
Ganhos em dB &. ganhos de tensão e potência,,33,2,Tabelas e Códigos,,,
Potências médias de eletrodomésticos,,97,2,Tabelas e Códigos,,,
Portas NAND (TTLe CMOS),,94,2,Tabelas e Códigos,,,
Símbolos de válvulas,,65,2,Tabelas e Códigos,,,
Simbologia de instrumentos,,52,2,Tabelas e Códigos,,,
Transistores de efeito de campo,,43,2,Tabelas e Códigos,,,
Transistores NPN de uso geral,,44,2,Tabelas e Códigos,,,
Transistores PNP de uso geral,,45,2,Tabelas e Códigos,,,
Unidades elétricas,,35,2,Tabelas e Códigos,,,
Antena coaxial,,13,2,Informações Diversas,,,
Antenasimplesde FM,,72,2,Informações Diversas,,,
Aplicação de sinal de gerador em rádios,,85,2,Informações Diversas,,,
Como usar eletrolíticos,,151,2,Informações Diversas,,,
Como usar resistores,,155,2,Informações Diversas,,,
Carregador simples de baterias,,90,2,Informações Diversas,,,
Corrosão de placas,,115,2,Informações Diversas,,,
Determinação de R (instrumentos),,80,2,Informações Diversas,,,
Desenhos de placas,,113,2,Informações Diversas,,,
Direção de estações (AM),,111,2,Informações Diversas,,,
Diretividade de alto-falantes,,139,2,Informações Diversas,,,
Eletrólise,,67,2,Informações Diversas,,,
Eliminação de roncos em fontes,,146,2,Informações Diversas,,,
Emendas em fios,,100,2,Informações Diversas,,,
Equivalências LM108,,89,2,Informações Diversas,,,
Estrutura de um alto-falante,,103,2,Informações Diversas,,,
Fonte TTL,,46,2,Informações Diversas,,,
Fontes simétricas,,118,2,Informações Diversas,,,
Fotossensores (símbolos),,25,2,Informações Diversas,,,
Fotocélula simplificada,,85,2,Informações Diversas,,,
Filtros (contra interferências),,60,2,Informações Diversas,,,
Fase de alto-falantes,,78,2,Informações Diversas,,,
Gerador de áudio,,81,2,Informações Diversas,,,
Gerador de ruído branco,,36,2,Informações Diversas,,,
Indicador de fusível queimado,,53,2,Informações Diversas,,,
Indutores,,92,2,Informações Diversas,,,
Injetor de sinais (uso),,120,2,Informações Diversas,,,
Intercomunicador,,119,2,Informações Diversas,,,
Ligação de tweeter,,41,2,Informações Diversas,,,
Ligações de jaques e plugues,,69,2,Informações Diversas,,,
Ligação de transformadores,,82,2,Informações Diversas,,,
Ligação de variáveis,,148,2,Informações Diversas,,,
Ligações de alto-falantes,,19,2,Informações Diversas,,,
Ligações âterra,,49,2,Informações Diversas,,,
Limpeza de contatos,,116,2,Informações Diversas,,,
Montagem em ponte de terminais,,77,2,Informações Diversas,,,
Montagens em placas de circuito impresso,,84,2,Informações Diversas,,,
Magnetizador,,108,2,Informações Diversas,,,
Monoestável como 74121,,98,2,Informações Diversas,,,
Nósemfios,,142,2,Informações Diversas,,,
Prova de potenciômetros,,39,2,Informações Diversas,,,
Prova de fusíveis,,46,2,Informações Diversas,,,
Prova de alto-falantes,,51,2,Informações Diversas,,,
Prova simples de,,56,2,Informações Diversas,,,
Provadechaves,,63,2,Informações Diversas,,,
Provador de continuidade neon,,143,2,Informações Diversas,,,
Panasonic/NEC — identificação de componentes,,61,2,Informações Diversas,,,
Padrões de irradiação,,132,2,Informações Diversas,,,
Piscaneon,,16,2,Informações Diversas,,,
Preparo de soluções para circuitos impressos,,114,2,Informações Diversas,,,
Rearme de,,29,2,Informações Diversas,,,
Redutor simples para lâmpada ou motor (até 100W),,73,2,Informações Diversas,,,
Reed switches,,144,2,Informações Diversas,,,
Soldas,,105,2,Informações Diversas,,,
Soldagem,,13,2,Informações Diversas,,,
Simetria complementar (operação),,96,2,Informações Diversas,,,
Soquetes DIL,,102,2,Informações Diversas,,,
Sensor de pêndulo,,145,2,Informações Diversas,,,
TTL-driver (I),,27,2,Informações Diversas,,,
TTL-driver (II),,28,2,Informações Diversas,,,
Terceiro falante,,149,2,Informações Diversas,,,
Trimer comum,,113,2,Informações Diversas,,,
Troca de componentes em placas,,83,2,Informações Diversas,,,
Uso dos contactos NA e NE,,117,2,Informações Diversas,,,
Valores RMS e médio,,16,2,Informações Diversas,,,
Zeners improvisados,,130,2,Informações Diversas,,,
Funções manipuladoras de strings,,21,2,Informática,,,
Funções de acesso à memória,,21,2,Informática,,,
"Funções basic (trigonométricas, transcedentais e outras)",,42,2,Informática,,,
Instruções basic,,89,2,Informática,,,
Acionador por Tom (BC548),,49,3,Circuitos,,,
Alarme (2x BC548),,84,3,Circuitos,,,
Amplificador de Vídeo (2N2483),,14,3,Circuitos,,,
Amplificador 10 dB (2N2222),,15,3,Circuitos,,,
"Amplificador TDA2040 (19,/4W)",,17,3,Circuitos,,,
Amplificador Para Célula Solar,,,3,Circuitos,,página ilegível no índice original (OCR),
Amplificador Para Transdutores,,,3,Circuitos,,página ilegível no índice original (OCR),
Capacitivos (777),,,3,Circuitos,,página ilegível no índice original (OCR),
Amplificadores Darlington (10/5BOW),,51,3,Circuitos,,,
Amplificador 20W (TDA2020),,61,3,Circuitos,,,
"Amplificador TDA1520A (13,8W)",,91,3,Circuitos,,,
Amplificador FET (MPF102),,110,3,Circuitos,,,
Amplificador 6W (LM378),,115,3,Circuitos,,,
Amplificador de duas etapas (BCH4IB),,121,3,Circuitos,,,
Amplificador BF23 (2W),,122,3,Circuitos,,,
Amplificador 741 (BD139/140),,128,3,Circuitos,,,
Amplificador para Termopar (UAZOD) Y34,,,3,Circuitos,,página ilegível no índice original (OCR),
Amplificador Para Instrumentação,,,3,Circuitos,,página ilegível no índice original (OCR),
Amplificador ACÍTIO71),,143,3,Circuitos,,,
Amplificador Para Fone (BC548),,146,3,Circuitos,,,
Amplificador Para Instrumentação,,,3,Circuitos,,página ilegível no índice original (OCR),
Aquecedor de Aquário (MCR106),,63,3,Circuitos,,,
Astável Sensívelà Luz (TTL),,71,3,Circuitos,,,
Astável Unijunção (2N2646),,72,3,Circuitos,,,
Astável (74),,,3,Circuitos,,página ilegível no índice original (OCR),
Baxandall Com Médios,,101,3,Circuitos,,,
Biestável (BC548),,42,3,Circuitos,,,
Booster de Corrente (2N3055),,22,3,Circuitos,,,
Campainha (2N2646/BC548),,90,3,Circuitos,,,
Carregador de Baterias,,,3,Circuitos,,página ilegível no índice original (OCR),
Circuito Não Voláti! de,,,3,Circuitos,,página ilegível no índice original (OCR),
Fonte C-MOS,,102,3,Circuitos,,,
Chave Estática Com Triac (40429/40430),,25,3,Circuitos,,,
Clock Para o Z80 (741804),,108,3,Circuitos,,,
Comparador 741,,48,3,Circuitos,,,
Comparador de tensão,,,3,Circuitos,,página ilegível no índice original (OCR),
Contador UP/DOWN 74190,,53,3,Circuitos,,,
Controle de Potência (40431/40432),,27,3,Circuitos,,,
Conversor Analógico/digital,,,3,Circuitos,,página ilegível no índice original (OCR),
Detector de Nulo,,,3,Circuitos,,página ilegível no índice original (OCR),
Detector de Picos Positivos,,,3,Circuitos,,página ilegível no índice original (OCR),
"Detector ""'Zero Crossing”",,,3,Circuitos,,página ilegível no índice original (OCR),
Detector de Coincidência,,,3,Circuitos,,página ilegível no índice original (OCR),
44081/BC548,,55,3,Circuitos,,,
Detector de Coincidência de Pulsos,,,3,Circuitos,,página ilegível no índice original (OCR),
AMCRIO6,,81,3,Circuitos,,,
Detector de Sobrecarga Para,,,3,Circuitos,,página ilegível no índice original (OCR),
Falantes (2N2646),,107,3,Circuitos,,,
Detector de Nível de Tensão,,,3,Circuitos,,página ilegível no índice original (OCR),
UATIO,,132,3,Circuitos,,,
Distribuidor de Audio,,,3,Circuitos,,página ilegível no índice original (OCR),
Divisor Programável 1-999,,,3,Circuitos,,página ilegível no índice original (OCR),
Divisor por 9(7490),,76,3,Circuitos,,,
Duas Potências Para Soldador,,43,3,Circuitos,,,
Duplo Controle de Lâmpadas,,40,3,Circuitos,,,
Duplo Sinaiizador Led (555),,92,3,Circuitos,,,
Eletrificador de Cercas,,,3,Circuitos,,página ilegível no índice original (OCR),
AMCRIOB,,,3,Circuitos,,página ilegível no índice original (OCR),
Eliminador de Bateria de 9V,,,3,Circuitos,,página ilegível no índice original (OCR),
EntradadeMixer,,16,3,Circuitos,,,
Etapa de Potência Para 7 MHz,,,3,Circuitos,,página ilegível no índice original (OCR),
ANIMA,,16,3,Circuitos,,,
Filtro Rejeitor de Alto O,,142,3,Circuitos,,,
(TLOST),,142,3,Circuitos,,,
Fonte Sem Transformador,,10,3,Circuitos,,,
Fonte de Corrente Constante,,,3,Circuitos,,página ilegível no índice original (OCR),
Fonte Simétrica 15+0+15DV,,45,3,Circuitos,,,
Fonte Para Toca-Fitas (2N3055),,89,3,Circuitos,,,
Fonte Controlada Por Sinal,,,3,Circuitos,,página ilegível no índice original (OCR),
TTLILM3ID,,126,3,Circuitos,,,
Fonte de Potência Com 78XX,,129,3,Circuitos,,,
Fonte de Referência de Precisão,,,3,Circuitos,,página ilegível no índice original (OCR),
ALMIOMD,,136,3,Circuitos,,,
Fotômetro CA3140,,21,3,Circuitos,,,
Fotômetro (BC548),,47,3,Circuitos,,,
Fotoreié (TIL78),,60,3,Circuitos,,,
Foto-Vibrato (BC548),,88,3,Circuitos,,,
Fotodetector CA3062,,119,3,Circuitos,,,
Fotocontrole com Triac (40485/40486),,141,3,Circuitos,,,
Gerador Manual de Pulso Único,,,3,Circuitos,,página ilegível no índice original (OCR),
3 Gerador de Funções Com o XR2206,,12,3,Circuitos,,,
Gerador de Ruído (BC548),,82,3,Circuitos,,,
Gerador TUJ Retangular (2N2646),,98,3,Circuitos,,,
Gerador de Escada (2N2646),,116,3,Circuitos,,,
Gerador de Rampa (1N5411),,140,3,Circuitos,,,
Guitarra Sem Fio (BC548/BF494),,38,3,Circuitos,,,
Indicador de Equilíbrio,,105,3,Circuitos,,,
Interruptor de Potência (triac),,114,3,Circuitos,,,
3 Interruptor de Toque (555),,59,3,Circuitos,,,
Interface CMOS/TTL (4049/4050),,120,3,Circuitos,,,
Intervalador Para Limpador de,,,3,Circuitos,,página ilegível no índice original (OCR),
Para-Brisas (BCH48),,86,3,Circuitos,,,
Inversor de Fase (BC548),,117,3,Circuitos,,,
Jogo da Velocidade (7400),,46,3,Circuitos,,,
Latch Octal (7418573),,36,3,Circuitos,,,
Latch TriState,,,3,Circuitos,,página ilegível no índice original (OCR),
Luz de Emergência,,145,3,Circuitos,,,
Microsmplificador LM380,,108,3,Circuitos,,,
Micro Oscilador (28B75),,19,3,Circuitos,,,
Microfones de Eletreto,,50,3,Circuitos,,,
Miniamplificador (BC548),,44,3,Circuitos,,,
Modulador Infravermelho (TIP32C) Lele BT,,,3,Circuitos,,página ilegível no índice original (OCR),
Multiplicador de Capacitância (DID. BA À,,,3,Circuitos,,página ilegível no índice original (OCR),
Multisom Sirene (BC548),,52,3,Circuitos,,,
Multivibrador UA71O,,131,3,Circuitos,,,
Ohmímetro Sonoro (7400),,124,3,Circuitos,,,
Oscilador Controlado a Cristal N (UAMO e),,23,3,Circuitos,,,
"Oscilador de 0,5 Hz E (TLOBW) ee",,30,3,Circuitos,,,
Oscilador 8038 (1),,32,3,Circuitos,,,
Oscilador Retangular,,,3,Circuitos,,página ilegível no índice original (OCR),
Oscilador Amortecido 741,,64,3,Circuitos,,,
Oscilador 4001,,66,3,Circuitos,,,
Oscilador Temporizado (2N2646),,70,3,Circuitos,,,
Oscilador de Quadratura (747),,93,3,Circuitos,,,
Oscilador de Anel (neon),,94,3,Circuitos,,,
Oscilador XTAL-FET (MPF102),,95,3,Circuitos,,,
Oscilador Telegráfico Integrado,,96,3,Circuitos,,,
(LM380),,96,3,Circuitos,,,
Oscilador com Diodo Tunnel,,97,3,Circuitos,,,
(1N3720) ecc,,97,3,Circuitos,,,
Oscilador Para Orgãos,,100,3,Circuitos,,,
(5024),,100,3,Circuitos,,,
Oscilador Divisor Multiplo 4060,,111,3,Circuitos,,,
Oscilador de 4 a 20 MHz,,,3,Circuitos,,página ilegível no índice original (OCR),
42N2222). cc NIB,,,3,Circuitos,,página ilegível no índice original (OCR),
Oscilador a Cristal CA3000,,135,3,Circuitos,,,
Pisca-Pisca 12V x 300 mA (BDI3D),,118,3,Circuitos,,,
Porta Nor Transistorizada,,,3,Circuitos,,página ilegível no índice original (OCR),
Prato Eletrônico (BCH48),,37,3,Circuitos,,,
Pré Para Microfone com FET,,73,3,Circuitos,,,
Pré de Audio com 741,,104,3,Circuitos,,,
Prova Lógica de Audio,,1,3,Circuitos,,,
(72400),,123,3,Circuitos,,,
Receptor Regenerativo de OC (MPFIOZ),,106,3,Circuitos,,,
Recuperador de Sinais Para Fita é,,,3,Circuitos,,página ilegível no índice original (OCR),
Cassete (3130),,109,3,Circuitos,,,
Regulador com Transistor PNP (TIP32/BD136),,99,3,Circuitos,,,
Retificador de Meia Onda (UAZOZ) ecc DA,,1,3,Circuitos,,,
Seguidor de Tensão Rápido,,,3,Circuitos,,página ilegível no índice original (OCR),
Sensor de Temperatura (741),,74,3,Circuitos,,,
Seguenciador 1a 10 (4017),,78,3,Circuitos,,,
Simples Amplificador (TIP32),,65,3,Circuitos,,,
Sirene Modulada LM389,,18,3,Circuitos,,,
Somador Rápido (LM301A),,35,3,Circuitos,,,
Som de Mar (741/2N2646/BC548),,87,3,Circuitos,,,
Temporizador (BC548),,69,3,Circuitos,,,
Termômetro Com Diodo (BC558),,83,3,Circuitos,,,
Transistor de Potência Protegido (2N3055),,130,3,Circuitos,,,
Transmissor CW (BC548),,,3,Circuitos,,página ilegível no índice original (OCR),
TUJ Biestável (2N2646/BC548),,79,3,Circuitos,,,
VCO de Alta Estabilidade,,,3,Circuitos,,página ilegível no índice original (OCR),
Ventilador Intermitente (BC548/BD135),,58,3,Circuitos,,,
Amplificador (BC548/BD135),,58,3,Circuitos,,,
Voltímetro Sonoro (2N2646),,13,3,Circuitos,,,
Voltímetro Básico (741),,137,3,Circuitos,,,
VU Para Microfone (LM 381),,125,3,Circuitos,,,
Wattímetro Para,,,3,Circuitos,,página ilegível no índice original (OCR),
Eletrodomésticos,,54,3,Circuitos,,,
60Hz — TTL (CD4001),,67,3,Circuitos,,,
Astável CMOS,,79,3,Fórmulas,,,
Campo de Um Condutor,,,3,Fórmulas,,página ilegível no índice original (OCR),
Esférico,,136,3,Fórmulas,,,
Campo No Interior de,,,3,Fórmulas,,página ilegível no índice original (OCR),
Bobina Plana,,127,3,Fórmulas,,,
Campo No interior de,,,3,Fórmulas,,página ilegível no índice original (OCR),
Uma Espira,,128,3,Fórmulas,,,
Conversão de Decimal em,,128,3,Fórmulas,,,
Binário,,128,3,Fórmulas,,,
Conversão Decimal em,,,3,Fórmulas,,página ilegível no índice original (OCR),
Hexadecimal,,130,3,Fórmulas,,,
Divisor de Tensão,,78,3,Fórmulas,,,
Filtros Para,,,3,Fórmulas,,página ilegível no índice original (OCR),
Alto-Falantes,,80,3,Fórmulas,,,
Filtro L Passa-Baixas,,88,3,Fórmulas,,,
Filtro T Passa-Baixas,,93,3,Fórmulas,,,
Filtro Pl Passa-Baixas,,96,3,Fórmulas,,,
Filtro PI Passa-Altas,,97,3,Fórmulas,,,
Filtro T Passa-Altas,,98,3,Fórmulas,,,
Filtro L Passa-Altas,,108,3,Fórmulas,,,
Filtro Passa-Faixa :,,,3,Fórmulas,,página ilegível no índice original (OCR),
Constante K,,108,3,Fórmulas,,,
Frequência Estroboscópica,,139,3,Fórmulas,,,
Polarização de Um Transistor,,85,3,Fórmulas,,,
Ponte de Sauty,,91,3,Fórmulas,,,
Reatância Capacitiva emB0Hz,,13,3,Fórmulas,,,
Reatância Capacitiva,,,3,Fórmulas,,página ilegível no índice original (OCR),
emB0Hz,,13,3,Fórmulas,,,
INSANNIIA,,63,3,Componentes,,,
ING3/1N4GA,,40,3,Componentes,,,
INGB/INGO,,123,3,Componentes,,,
IN5411/40583,,125,3,Componentes,,,
21906/21906A,,15,3,Componentes,,,
INHIB e,,123,3,Componentes,,,
2N1613 ecc 004.43,,,3,Componentes,,página ilegível no índice original (OCR),
INIIM Leci,,46,3,Componentes,,,
2N3328 LL,,40,3,Componentes,,,
2N16I3 Lecce,,3,3,Componentes,,,
3N140/3N141,,45,3,Componentes,,,
BNIB9 Le,,83,3,Componentes,,,
QUA,,85,3,Componentes,,,
4006,,,3,Componentes,,página ilegível no índice original (OCR),
4012 ecc,,3,3,Componentes,,,
4013 cc NB,,,3,Componentes,,página ilegível no índice original (OCR),
4016,,105,3,Componentes,,,
4023,,7,3,Componentes,,,
4027,,,3,Componentes,,página ilegível no índice original (OCR),
4OBBE Leci,,,3,Componentes,,página ilegível no índice original (OCR),
4088,,104,3,Componentes,,,
GUB Lc,,95,3,Componentes,,,
7403,,109,3,Componentes,,,
7805/7824,,,3,Componentes,,página ilegível no índice original (OCR),
B8320C1A/1K3e500E,,143,3,Componentes,,,
BA10Z/BBIOB,,139,3,Componentes,,,
BB1OS/BB809,,46,3,Componentes,,,
BC177/BC178/BC179,,57,3,Componentes,,,
BC375 cc 000.62,,,3,Componentes,,página ilegível no índice original (OCR),
BC376,,67,3,Componentes,,,
BC637 ecc TA,,,3,Componentes,,página ilegível no índice original (OCR),
BCB3B,,66,3,Componentes,,,
BD181/BD182/BDI83,,33,3,Componentes,,,
BD233.....cc,,126,3,Componentes,,,
BDI34,,6,3,Componentes,,,
BD333,,49,3,Componentes,,,
BD334,,34,3,Componentes,,,
BDVB4/A/B,,8,3,Componentes,,,
-BDVBB/AÍB,,2,3,Componentes,,,
BF24BA/B/C,,63,3,Componentes,,,
BEI,,67,3,Componentes,,,
BF422,,6,3,Componentes,,,
BF423,,8,3,Componentes,,,
BF495,,7,3,Componentes,,,
BF960/964/966,,121,3,Componentes,,,
BRY3Ogt cecilia 0 00..38,,38,3,Componentes,,,
BU205/BUZOBA,,47,3,Componentes,,,
BU433,,61,3,Componentes,,,
BUWBS,,50,3,Componentes,,,
1C166/167/168/169,,69,3,Componentes,,,
1C256/257/258/259,,64,3,Componentes,,,
IKIIBI/R/VIS +. .004...32,,32,3,Componentes,,,
LC3ON cc DA,,,3,Componentes,,página ilegível no índice original (OCR),
LOS2N e,,26,3,Componentes,,,
"LD30N eccccccs 000,28",,28,3,Componentes,,,
LD32N Leci,,28,3,Componentes,,,
LD3EN Leleo 00000427,,,3,Componentes,,página ilegível no índice original (OCR),
LD3IN Lecce 000.22,,22,3,Componentes,,,
LMIDUSOIA,,89,3,Componentes,,,
LM2I7/31T ci TO,,,3,Componentes,,página ilegível no índice original (OCR),
LM33D 000 101,,101,3,Componentes,,,
"TDAZO3OA ...cccc 000,25",,25,3,Componentes,,,
TDAZ040,,23,3,Componentes,,,
TICI16 .eccc 0 000...60,,60,3,Componentes,,,
TICH6 .eccccc 00.59,,59,3,Componentes,,,
TIPI40/141/142,,68,3,Componentes,,,
TIP640/641/642,,36,3,Componentes,,,
TIP645/646/647,,30,3,Componentes,,,
TLC555M/TLC555SC,,114,3,Componentes,,,
VÁLVULAS,,,3,Componentes,,página ilegível no índice original (OCR),
0A2/0B2/85A2/100E1/150A1/150B2,,31,3,Componentes,,,
Código de Capacitores PIN-UP,,73,3,Tabelas e Códigos,,,
Funções CMOS,,1,3,Tabelas e Códigos,,,
Funções CMOS,,2,3,Tabelas e Códigos,,,
Alfabeto Fonético,,,3,Tabelas e Códigos,,página ilegível no índice original (OCR),
Internacional,,,3,Tabelas e Códigos,,página ilegível no índice original (OCR),
Características das Configurações de Transistores,,,3,Tabelas e Códigos,,página ilegível no índice original (OCR),
Características de Retificadores,,,3,Tabelas e Códigos,,página ilegível no índice original (OCR),
Características das Famílias Lógicas TTL,,,3,Tabelas e Códigos,,página ilegível no índice original (OCR),
Características de Voltimetros,,,3,Tabelas e Códigos,,página ilegível no índice original (OCR),
"""Características das ondas Eletromagnéticas""",,,3,Tabelas e Códigos,,página ilegível no índice original (OCR),
Coeficientes de Temperatura de Alguns Materiais,,,3,Tabelas e Códigos,,página ilegível no índice original (OCR),
Conversão dBuV Para Tensão : Equivalentes,,,3,Tabelas e Códigos,,página ilegível no índice original (OCR),
Conversão NanoFarad x PicoFarad,,,3,Tabelas e Códigos,,página ilegível no índice original (OCR),
Conversão MicroFarad x NanoFarad,,,3,Tabelas e Códigos,,página ilegível no índice original (OCR),
Correntes Nos Transistores,,,3,Tabelas e Códigos,,página ilegível no índice original (OCR),
Características de entrada Pré-Amplificadores,,,3,Tabelas e Códigos,,página ilegível no índice original (OCR),
Defeitos Mais Frequentes em Rádios Portáteis,,,3,Tabelas e Códigos,,página ilegível no índice original (OCR),
Equivalências de Transistores,,,3,Tabelas e Códigos,,página ilegível no índice original (OCR),
Equivalentes Eletroguímicos,,,3,Tabelas e Códigos,,página ilegível no índice original (OCR),
Fatores de Conversão de Unidades,,,3,Tabelas e Códigos,,página ilegível no índice original (OCR),
Frequência x Comprimento de Onda (UHF — VHF),,,3,Tabelas e Códigos,,página ilegível no índice original (OCR),
Mobilidade de Elétrons em Alguns Metais,,,3,Tabelas e Códigos,,página ilegível no índice original (OCR),
Mobilidade de Alguns tons em,,,3,Tabelas e Códigos,,página ilegível no índice original (OCR),
Pré-Amplificadores,,11,3,Tabelas e Códigos,,,
Defeitos Mais Frequentes,,,3,Tabelas e Códigos,,página ilegível no índice original (OCR),
em Rádios Portáteis,,11,3,Tabelas e Códigos,,,
Equivalências de Transistores,,14,3,Tabelas e Códigos,,,
Equivalentes Eletroguímicos,,133,3,Tabelas e Códigos,,,
Fatores de Conversão de,,,3,Tabelas e Códigos,,página ilegível no índice original (OCR),
Unidades,,150,3,Tabelas e Códigos,,,
Frequência x Comprimento de,,,3,Tabelas e Códigos,,página ilegível no índice original (OCR),
Onda (UHF — VHF),,19,3,Tabelas e Códigos,,,
Mobilidade de Elétrons em,,,3,Tabelas e Códigos,,página ilegível no índice original (OCR),
Alguns Metais,,135,3,Tabelas e Códigos,,,
Mobilidade de Alguns tons em,,,3,Tabelas e Códigos,,página ilegível no índice original (OCR),
Solução Aquosa,,135,3,Tabelas e Códigos,,,
Ponto Curie de,,,3,Tabelas e Códigos,,página ilegível no índice original (OCR),
Alguns Metais,,140,3,Tabelas e Códigos,,,
Potencial Absoluto de Metais,,132,3,Tabelas e Códigos,,,
Valores de Equalização RIAA,,134,3,Tabelas e Códigos,,,
Alteração de Curva,,94,3,Informações Diversas,,,
de Potenciômetros,,,3,Informações Diversas,,página ilegível no índice original (OCR),
Bobinas,,,3,Informações Diversas,,página ilegível no índice original (OCR),
Dissipador,,,3,Informações Diversas,,página ilegível no índice original (OCR),
Diodo Tunnel — característica,,,3,Informações Diversas,,página ilegível no índice original (OCR),
Eletroscópio de Folha,,,3,Informações Diversas,,página ilegível no índice original (OCR),
Estrutura e Características de um FET de Junção,,,3,Informações Diversas,,página ilegível no índice original (OCR),
Estrutura e Característica do Unijunção,,,3,Informações Diversas,,página ilegível no índice original (OCR),
Equivalências de Ligações em Potenciômetros,,,3,Informações Diversas,,página ilegível no índice original (OCR),
Fone improvisado,,,3,Informações Diversas,,página ilegível no índice original (OCR),
Interruptor Paralelo,,,3,Informações Diversas,,página ilegível no índice original (OCR),
Leis de Álgebra Booleana,,,3,Informações Diversas,,página ilegível no índice original (OCR),
Lógica Positiva X Lógica Negativa,,,3,Informações Diversas,,página ilegível no índice original (OCR),
Melhor Recepção AM,,,3,Informações Diversas,,página ilegível no índice original (OCR),
Multímetro,,,3,Informações Diversas,,página ilegível no índice original (OCR),
Multímetro Como Medidor de Intensidade de Campo,,,3,Informações Diversas,,página ilegível no índice original (OCR),
Parâmetros em Triacs,,,3,Informações Diversas,,página ilegível no índice original (OCR),
Pinos de Válvulas,,,3,Informações Diversas,,página ilegível no índice original (OCR),
Pontade Provade RF,,,3,Informações Diversas,,página ilegível no índice original (OCR),
Porta NOR Básica,,,3,Informações Diversas,,página ilegível no índice original (OCR),
Porta OR Básica,,,3,Informações Diversas,,página ilegível no índice original (OCR),
Porta AND Básica,,,3,Informações Diversas,,página ilegível no índice original (OCR),
Porta NAND Básica,,,3,Informações Diversas,,página ilegível no índice original (OCR),
Porta NOR Básica,,,3,Informações Diversas,,página ilegível no índice original (OCR),
Postulados da Algebra Booleana,,,3,Informações Diversas,,página ilegível no índice original (OCR),
Potência de,,,3,Informações Diversas,,página ilegível no índice original (OCR),
Pontade Provade RF,,125,3,Informações Diversas,,,
Porta NOR Básica,,81,3,Informações Diversas,,,
Porta OR Básica,,138,3,Informações Diversas,,,
Porta AND Básica,,142,3,Informações Diversas,,,
Porta NAND Básica,,144,3,Informações Diversas,,,
Porta NOR Básica,,147,3,Informações Diversas,,,
Postulados da,,,3,Informações Diversas,,página ilegível no índice original (OCR),
Algebra Booleana,,14,3,Informações Diversas,,,
Potência de,,,3,Informações Diversas,,página ilegível no índice original (OCR),
Amplificadores,,87,3,Informações Diversas,,,
Proteção Contra,,,3,Informações Diversas,,página ilegível no índice original (OCR),
Inversão de Pólo,,126,3,Informações Diversas,,,
Proteção de Antenas,,122,3,Informações Diversas,,,
Rádio Velha Guarda,,83,3,Informações Diversas,,,
Redutor de Tensão,,86,3,Informações Diversas,,,
Relês Metaltex,,44,3,Informações Diversas,,,
SCRs em Onda Completa,,120,3,Informações Diversas,,,
Soldagem de Componentes,,,3,Informações Diversas,,página ilegível no índice original (OCR),
Sensíveis ao Calor,,5,3,Informações Diversas,,,
Teoremas da,,,3,Informações Diversas,,página ilegível no índice original (OCR),
Álgebra Booleana,,137,3,Informações Diversas,,,
Válvulas X Diodos,,137,3,Informações Diversas,,,
555 — Driver,,141,3,Informações Diversas,,,
A ELETRÔNICA NO TEMPO,,,3,Informações Diversas,,página ilegível no índice original (OCR),
1542—,,,3,Informações Diversas,,página ilegível no índice original (OCR),
O primeiro Computador,,37,3,Informações Diversas,,,
1745—,,,3,Informações Diversas,,página ilegível no índice original (OCR),
O primeiro Capacitor,,49,3,Informações Diversas,,,
1780—,,,3,Informações Diversas,,página ilegível no índice original (OCR),
Galvanismo,,40,3,Informações Diversas,,,
1800—,,,3,Informações Diversas,,página ilegível no índice original (OCR),
Aprimeira Pilha Séca,,83,3,Informações Diversas,,,
1800—,,,3,Informações Diversas,,página ilegível no índice original (OCR),
Descoberta da Radiação Infravermelha,,50,3,Informações Diversas,,,
1826—,,,3,Informações Diversas,,página ilegível no índice original (OCR),
LeideOhm,,62,3,Informações Diversas,,,
1831—,,,3,Informações Diversas,,página ilegível no índice original (OCR),
1834—,,,3,Informações Diversas,,página ilegível no índice original (OCR),
O transformador,,7,3,Informações Diversas,,,
1834—,,,3,Informações Diversas,,página ilegível no índice original (OCR),
Eletrólise,,16,3,Informações Diversas,,,
INFORMÁTICA,,,3,Informações Diversas,,página ilegível no índice original (OCR),
Código Excesso-3,,20,3,Informações Diversas,,,
4 Conversão BCD,,42,3,Informações Diversas,,,
Flip-Flops em Ação,,16,3,Informações Diversas,,,
7 Sistemas,,,3,Informações Diversas,,página ilegível no índice original (OCR),
Decimal /Octal/Binário,,10,3,Informações Diversas,,,
Avalisador de escala de ponto móvel (UAA17O),,47,4,Circuitos,,,
Alto-falante como microfone (BC548),,9,4,Circuitos,,,
Amplificador de 4W (LM380),,48,4,Circuitos,,,
Amplificador com ganho 100 (741),,4,4,Circuitos,,,
Amplificador de 5W (706),,129,4,Circuitos,,,
Amplificador de faixa larga,,,4,Circuitos,,página ilegível no índice original (OCR),
Amplificador de vídeo (CA3008),,9,4,Circuitos,,,
Amplificador inversor (747),,142,4,Circuitos,,,
Amplificador inversor de alto ganho (LA1558) Fá A:,,,4,Circuitos,,página ilegível no índice original (OCR),
Amplificador inversor (TLO6O),,197,4,Circuitos,,,
Amplificador para fones (BC237/BC308),,121,4,Circuitos,,,
Amplificador para fones (BC548),,108,4,Circuitos,,,
Amplificador para instrumentação (TLO64),,19,4,Circuitos,,,
Astável CMOS (4001/4011),,99,4,Circuitos,,,
Audiocapacímetro (BC548/BC558),,42,4,Circuitos,,,
Audiohmimetro (BC 548/BC558),,59,4,Circuitos,,,
Bongô eletrônico (BC548),,91,4,Circuitos,,,
Carregador de nicádmio,,31,4,Circuitos,,,
Casador de impedâncias (BF245),,32,4,Circuitos,,,
CB-CW (2N2222),,64,4,Circuitos,,,
Central de efeitos (SN76477),,17,4,Circuitos,,,
Chave com debounce (1),,94,4,Circuitos,,,
Comparador de luz (BC548),,39,4,Circuitos,,,
Comparador digital (9620),,120,4,Circuitos,,,
Compressor/expansor (uA1558),,3,4,Circuitos,,,
Contador digital (módulo de 1 dígito),,22,4,Circuitos,,,
Controle de potência com triac (40685),,111,4,Circuitos,,,
Controle de potência para 24V,,10,4,Circuitos,,,
Controle de temperatura (CA3059),,53,4,Circuitos,,,
Controle de tom (uA4136),,106,4,Circuitos,,,
Controle direto de Schmitt Trigger,,15,4,Circuitos,,,
Controle para motor de indução,,,4,Circuitos,,página ilegível no índice original (OCR),
40429/40430,,148,4,Circuitos,,,
Controle para motores DC,,1,4,Circuitos,,,
Controle de potência,,1,4,Circuitos,,,
Conversor 12/6V,,1,4,Circuitos,,,
Debouncer TTL (74LS04),,23,4,Circuitos,,,
Detetor de fase sem transformador L (uA702) 199,,1,4,Circuitos,,,
3301/3401,,150,4,Circuitos,,,
Jetetor para transdutor magnético,,,4,Circuitos,,página ilegível no índice original (OCR),
M111,,57,4,Circuitos,,,
Jivisor de agudos,,21,4,Circuitos,,,
Jivisor programável! (4017),,45,4,Circuitos,,,
Jobrador de frequência (1N4386),,7,4,Circuitos,,,
letroestimulador (555),,49,4,Circuitos,,,
letroscópico MOSFET (3N128),,144,4,Circuitos,,,
qualizador ativo (UA 1558),,33,4,Circuitos,,,
xcitação de led com lógica de alto nível,,,4,Circuitos,,página ilegível no índice original (OCR),
2N2219,,92,4,Circuitos,,,
xcitação paralela de leds (TIP 115),,16,4,Circuitos,,,
cituação TTL de led (BC183),,112,4,Circuitos,,,
filtro ativo passa baixas (741),,145,4,Circuitos,,,
lip-fiop (BC548),,80,4,Circuitos,,,
onte de 18V x 1A (TIP41),,105,4,Circuitos,,,
onte de 5A (2N3055),,70,4,Circuitos,,,
onte de 5V x 100 mA (TIP31),,93,4,Circuitos,,,
onte especial para amplificadores,,,4,Circuitos,,página ilegível no índice original (OCR),
2N3055,,66,4,Circuitos,,,
ontem protegida (BD 135),,102,4,Circuitos,,,
formador de onda retangular (709),,90,4,Circuitos,,,
otochave temporizada com FET (BC264),,51,4,Circuitos,,,
otodetetor com compensação de,,,4,Circuitos,,página ilegível no índice original (OCR),
emperatura (TIL81),,56,4,Circuitos,,,
otooscilador CMOS (4069),,82,4,Circuitos,,,
otorreceptor para luz modulada (TIL81),,29,4,Circuitos,,,
ototrigger (TIL6S),,43,4,Circuitos,,,
jerador de clave (BC 548),,90,4,Circuitos,,,
jerador de pulso único (Il),,108,4,Circuitos,,,
jerador de pulso de luz (TIS43),,143,4,Circuitos,,,
ãerador de ruído branco (LM389),,130,4,Circuitos,,,
jerador dente de serra (2N2646),,60,4,Circuitos,,,
jerador triangular (uA4136),,44,4,Circuitos,,,
irilo eletrônico (BC548/BC 558),,37,4,Circuitos,,,
idicador de temperatura,,,4,Circuitos,,página ilegível no índice original (OCR),
idicador de temperatura H (UAA 170),,125,4,Circuitos,,,
terface expandida (9620),,69,4,Circuitos,,,
solador óptico digital (LM111),,122,4,Circuitos,,,
ed 110V/220Y (1),,38,4,Circuitos,,,
ed 110V/220Y (ll),,101,4,Circuitos,,,
ink óptico infravermelho,,62,4,Circuitos,,,
uxômetro (TCA335A),,72,4,Circuitos,,,
uxômetro (TIL65),,65,4,Circuitos,,,
uz de tempo (MCR106),,146,4,Circuitos,,,
Anmatana LOhIAGCEN Mo,,,4,Circuitos,,página ilegível no índice original (OCR),
Microrreforçador de áudio (BC548),,73,4,Circuitos,,,
Minioscilador (BC 548),,87,4,Circuitos,,,
Mixer 741,,91,4,Circuitos,,,
Mixer passivo,,85,4,Circuitos,,,
Modulador óptico de impulsos (1),,61,4,Circuitos,,,
Modulador óptico de impulsos (ll),,131,4,Circuitos,,,
Modulador óptico de impulsos (Ill),,147,4,Circuitos,,,
Monoestável (BC548),,67,4,Circuitos,,,
Monoestável (9620),,132,4,Circuitos,,,
Multiplicador de tensão CC/CA (2N3055),,,4,Circuitos,,página ilegível no índice original (OCR),
Multivibrador astável (3301),,100,4,Circuitos,,,
Operação AC de fototransistor (TIL65),,64,4,Circuitos,,,
Oscilador 8038 (1),,24,4,Circuitos,,,
Oscilador a cristal (9620),,135,4,Circuitos,,,
Oscilador audiovisual (7400),,109,4,Circuitos,,,
Oscilador com diodo tunnel (1N3720),,74,4,Circuitos,,,
Oscilador com varicap (BB809),,75,4,Circuitos,,,
Oscilador de 1MHz (7402),,28,4,Circuitos,,,
Oscilador de RF (BC548),,123,4,Circuitos,,,
Oscilador FET por rotação de fase (MPF102),,138,4,Circuitos,,,
Oscilador pulsante,,14,4,Circuitos,,,
Oscilador retangular (uÃ1436),,35,4,Circuitos,,,
Porta óptica NAND,,124,4,Circuitos,,,
Porta óptica NOR,,136,4,Circuitos,,,
Porta óptica OR (1),,133,4,Circuitos,,,
Porta óptica OR (Il),,140,4,Circuitos,,,
Pré-amplificador de áudio M204,,137,4,Circuitos,,,
Pré-amplificador com equatização,,,4,Circuitos,,página ilegível no índice original (OCR),
NAB (741),,127,4,Circuitos,,,
Pré-amplificador de áudio (TAA201),,116,4,Circuitos,,,
Pré-amplificador de baixa,,,4,Circuitos,,página ilegível no índice original (OCR),
impedância (BC548),,134,4,Circuitos,,,
Pré-amplificador linear (BC549/BC548),,81,4,Circuitos,,,
Pré-amplificador para eletreto (BC549/BC559),,107,4,Circuitos,,,
Pré-amplificador para guitarra (LF356),,76,4,Circuitos,,,
Pré-amplificador RIAA (uA4 136),,36,4,Circuitos,,,
Pré-amplificador para micro de cristal! (MPF 102),,25,4,Circuitos,,,
Provador de,,88,4,Circuitos,,,
Rádio 741,,1,4,Circuitos,,,
Receptor para radiação modulada,,,4,Circuitos,,página ilegível no índice original (OCR),
Receptor para radiação modulada (741) 141,,141,4,Circuitos,,,
Receptor PNP (BC 558),,98,4,Circuitos,,,
Redutor de 12 para 6V x 5A (2N3055),,83,4,Circuitos,,,
Referência de tensão (uÃ799),,54,4,Circuitos,,,
Regulador 100V x 5 mÃ,,104,4,Circuitos,,,
Regulador 12V x 100 mA,,27,4,Circuitos,,,
Regulador AC 105 V x 120 mA,,55,4,Circuitos,,,
Regulador de 75V x 5 mA (IN1792A),,78,4,Circuitos,,,
Relé monoestável 555,,46,4,Circuitos,,,
Seguidor de tensão (702),,118,4,Circuitos,,,
Simples gerador de pulso único (555),,52,4,Circuitos,,,
Simples sinalizador de potência (MCR106),,79,4,Circuitos,,,
Sirene CMOS (4046),,40,4,Circuitos,,,
Sonda CMOS (LM358),,20,4,Circuitos,,,
Termostato com triac (CA3050),,103,4,Circuitos,,,
Timer simples (555),,52,4,Circuitos,,,
transmissor tri-canal para (BF494/2N2646),,126,4,Circuitos,,,
Trêmulo 555,,113,4,Circuitos,,,
Voltímetro UAA170,,131,4,Circuitos,,,
Wattímetro de áudio 89:,,89,4,Circuitos,,,
Cálculo de shunt,,23,4,Fórmulas,,,
Campo de um condutor reto,,100,4,Fórmulas,,,
Capacitor plano,,100,4,Fórmulas,,,
Circuito PI,,100,4,Fórmulas,,,
Conversão binário em decimal,,17,4,Fórmulas,,,
Energia armazenada num capacitor,,115,4,Fórmulas,,,
Força sobre carga em movimento,,63,4,Fórmulas,,,
Resistência multiplicadora,,20,4,Fórmulas,,,
Ruptura de um dielétrico,,90,4,Fórmulas,,,
Variação da resistência com a,,90,4,Fórmulas,,,
temperatura,,59,4,Fórmulas,,,
IN3S/1N38A/1N38B,,145,4,Componentes,,,
1N39/1N39A4/1N39B,,139,4,Componentes,,,
1N5226a 1N5227 (1) » 2 ever,,79,4,Componentes,,,
1N5226 a 1N5227 (Il) Seo. à,,102,4,Componentes,,,
2147,,80,4,Componentes,,,
2716,,38,4,Componentes,,,
212221 A,,131,4,Componentes,,,
2N3528,,138,4,Componentes,,,
2N3529,,108,4,Componentes,,,
3N128,,16,4,Componentes,,,
40429,,41,4,Componentes,,,
40430,,42,4,Componentes,,,
40583,,137,4,Componentes,,,
5024,,150,4,Componentes,,,
5101,,42,4,Componentes,,,
556,,50,4,Componentes,,,
74153,,99,4,Componentes,,,
777,,70,4,Componentes,,,
8038,,36,4,Componentes,,,
9620,,131,4,Componentes,,,
AC187k,,168,4,Componentes,,,
BA281,,145,4,Componentes,,,
BA481,,129,4,Componentes,,,
BAT81/82,,126,4,Componentes,,,
BB809,,134,4,Componentes,,,
BC107/108/109,,71,4,Componentes,,,
BC307/308/309,,61,4,Componentes,,,
BC413/414/415/416,,81,4,Componentes,,,
BD262,,27,4,Componentes,,,
BD437,,65,4,Componentes,,,
BD438,,140,4,Componentes,,,
BDV91,,37,4,Componentes,,,
BDV92,,45,4,Componentes,,,
BF198,,98,4,Componentes,,,
BF199,,191,4,Componentes,,,
BFWIGA,,2,4,Componentes,,,
BEX89,,112,4,Componentes,,,
BUX80,,105,4,Componentes,,,
BUX82,,128,4,Componentes,,,
CA3008,,122,4,Componentes,,,
CA3059,,83,4,Componentes,,,
FR27,,62,4,Componentes,,,
FR29,,119,4,Componentes,,,
HC/HCTOO,,74,4,Componentes,,,
HC/HCTO2,,89,4,Componentes,,,
HC/HCT03,,77,4,Componentes,,,
HC/HCT,,,4,Componentes,,página ilegível no índice original (OCR),
ICX22,,96,4,Componentes,,,
ICX23,,135,4,Componentes,,,
ICX24,,136,4,Componentes,,,
ICX94,,146,4,Componentes,,,
LC37N,,106,4,Componentes,,,
LD30P,,92,4,Componentes,,,
LD32P,,76,4,Componentes,,,
LD52,,123,4,Componentes,,,
LM111/211/311,,43,4,Componentes,,,
NE531,,120,4,Componentes,,,
TIC236,,78,4,Componentes,,,
TIC246,,117,4,Componentes,,,
TIP115/116/17,,118,4,Componentes,,,
TIP32/A/BIC,,94,4,Componentes,,,
TLo6o,,11,4,Componentes,,,
TLOoB4,,104,4,Componentes,,,
nÃ1Oo9,,144,4,Componentes,,,
uA1558/1458/1458€,,86,4,Componentes,,,
LÃ3301/3401,,24,4,Componentes,,,
uA4,,,4,Componentes,,página ilegível no índice original (OCR),
uA799,,40,4,Componentes,,,
VÁVULAS,,,4,Componentes,,página ilegível no índice original (OCR),
6GB3,,19,4,Componentes,,,
6HB6,,72,4,Componentes,,,
6J11,,124,4,Componentes,,,
6J9,,121,4,Componentes,,,
eJT8,,93,4,Componentes,,,
6LJB,,31,4,Componentes,,,
Ângulos críticos de reflexão,,116,4,Tabelas e Códigos,,,
Ângulos senos/cossenos,,75,4,Tabelas e Códigos,,,
Características da família HCT,,34,4,Tabelas e Códigos,,,
Células eletroquímicas,,149,4,Tabelas e Códigos,,,
Células eletroquímicas,,149,4,Tabelas e Códigos,,,
Constante universais (1),,28,4,Tabelas e Códigos,,,
Constante universais (Il),,109,4,Tabelas e Códigos,,,
Designação das radiações ópticas,,126,4,Tabelas e Códigos,,,
Estações AM de ondas médias no,,44,4,Tabelas e Códigos,,,
Brasil (,,,4,Tabelas e Códigos,,página ilegível no índice original (OCR),
Estações AM de ondas médias no,,51,4,Tabelas e Códigos,,,
Brasil (II),,51,4,Tabelas e Códigos,,,
Estações AM de ondas médias no,,52,4,Tabelas e Códigos,,,
Brasil (U1),,52,4,Tabelas e Códigos,,,
Estações AM de ondas médias no,,53,4,Tabelas e Códigos,,,
Brasil (IV),,53,4,Tabelas e Códigos,,,
Estações AM de ondas médias no,,148,4,Tabelas e Códigos,,,
Brasil (V),,148,4,Tabelas e Códigos,,,
Faiscamento ao ar livre,,107,4,Tabelas e Códigos,,,
Faixa de frêquencias da luz visível,,55,4,Tabelas e Códigos,,,
Padrão NAB para fitas magnéticas (1),,84,4,Tabelas e Códigos,,,
Padrão NAB para fitas magnéticas (Il),,9,4,Tabelas e Códigos,,,
Potência de ionização,,82,4,Tabelas e Códigos,,,
Símbolos para tensões em,,49,4,Tabelas e Códigos,,,
transistores,,49,4,Tabelas e Códigos,,,
Tabela de conversão CMRR em dB,,69,4,Tabelas e Códigos,,,
Tabela de fios,,151,4,Tabelas e Códigos,,,
Temporizadores,,67,4,Tabelas e Códigos,,,
A ELETRÔNICA NO TEMPO,,,4,Tabelas e Códigos,,página ilegível no índice original (OCR),
Às Leis de Kirchoff,,47,4,Tabelas e Códigos,,,
Descoberta da termoeletricidade,,107,4,Tabelas e Códigos,,,
Ferrite em alta frequência,,116,4,Tabelas e Códigos,,,
Válvula diodo,,58,4,Tabelas e Códigos,,,
555 driver,,54,4,Informações Diversas,,,
556 astável,,12,4,Informações Diversas,,,
Acessórios de montagem,,15,4,Informações Diversas,,,
Acumulador chumboácido,,14,4,Informações Diversas,,,
Ajuste de Fle bobinas,,30,4,Informações Diversas,,,
Autotransformador improvisado,,127,4,Informações Diversas,,,
Busca pólo,,29,4,Informações Diversas,,,
Características de um fototiristor,,35,4,Informações Diversas,,,
Circuito equivalente a um cristal -,,97,4,Informações Diversas,,,
Circuito equivalente ao 7400,,10,4,Informações Diversas,,,
Circuito equivalente ao 7401,,25,4,Informações Diversas,,,
Circuito equivalente ao 7405,,26,4,Informações Diversas,,,
Circuito equivalente ao 7408,,96,4,Informações Diversas,,,
Controle de volume e tom,,39,4,Informações Diversas,,,
Emendas em placas,,33,4,Informações Diversas,,,
Estrutura de transistores,,57,4,Informações Diversas,,,
Etapa conversora de rádios,,73,4,Informações Diversas,,,
Ferramentas (I),,87,4,Informações Diversas,,,
Ferramentas (Il),,88,4,Informações Diversas,,,
Figuras de Lissajous,,138,4,Informações Diversas,,,
Fios comuns,,21,4,Informações Diversas,,,
Master/siave fli-ftop JK,,41,4,Informações Diversas,,,
Partículas alfa,,91,4,Informações Diversas,,,
Partículas beta,,22,4,Informações Diversas,,,
Ponte de Wheatstone,,64,4,Informações Diversas,,,
Reversão de polaridade,,48,4,Informações Diversas,,,
Símbolos e sinais matemáticos,,66,4,Informações Diversas,,,
Sirene mecânica,,46,4,Informações Diversas,,,
Teorema de Gauss,,86,4,Informações Diversas,,,
2147,,80,4,Informática,,,
2716,,38,4,Informática,,,
5101,,42,4,Informática,,,
74153,,99,4,Informática,,,
9620 13:,,,4,Informática,,página ilegível no índice original (OCR),
Características da família HCT,,34,4,Informática,,,
Conversão binário em decimal,,17,4,Informática,,,
Acionador CMOS (4001),,17,5,Circuitos,,,
Acoplador óptico (BC),,138,5,Circuitos,,,
Alarme com reed switch (MCR 106),,62,5,Circuitos,,,
Alarme fotoelétrico (555),,63,5,Circuitos,,,
Alarme de pêndulo (BC548/BD 136),,26,5,Circuitos,,,
Amplificador 16W (TDA1520A),,131,5,Circuitos,,,
Ampiificador AC inversor (UÃ4136),,57,5,Circuitos,,,
Amplificador com ganho 100 (741),,,5,Circuitos,,página ilegível no índice original (OCR),
Amplificador DC para fotodiodo (741),,96,5,Circuitos,,,
Amplificador de 10W (AD161/AD162),,32,5,Circuitos,,,
Amplificador de 40dB (LM382),,115,5,Circuitos,,,
Amplificador de 7W (TBABIOS),,134,5,Circuitos,,,
Amplificador de precisão (uA725),,65,5,Circuitos,,,
Amplificador e driver para 50 ohms (3301),,71,5,Circuitos,,,
Amplificador fotoelétrico (TLO61),,86,5,Circuitos,,,
Amplificador inversor (LM1 48),,89,5,Circuitos,,,
Amplificador LM38ON,,58,5,Circuitos,,,
Amplificador LM386,,101,5,Circuitos,,,
Amplificador mini (BC548/BC558),,111,5,Circuitos,,,
Amplificador não inversor (747),,48,5,Circuitos,,,
Amplificador para fotodiodo (UA 702),,100,5,Circuitos,,,
Amplificador para instrumentação,,,5,Circuitos,,página ilegível no índice original (OCR),
Amplificador para instrumentação (TLO62) (1),,87,5,Circuitos,,,
Amplificador para instrumentação (TLO62) (Il),,102,5,Circuitos,,,
Amplificador para microfone (BC548),,69,5,Circuitos,,,
Amplificador TDA2040 (14W),,132,5,Circuitos,,,
Astável 1:1 (555),,20,5,Circuitos,,,
Astável sensível à luz (4011),,109,5,Circuitos,,,
Capacimetro por ponte (BC548),,64,5,Circuitos,,,
Carregador de bateria 50mA (LM217),,37,5,Circuitos,,,
Comparador com histerese (UA4136),,118,5,Circuitos,,,
Comutador por toque com FET (MPF102),,80,5,Circuitos,,,
Controle DC de motor (STK6960),,120,5,Circuitos,,,
Controle de audibilidade (BC549),,30,5,Circuitos,,,
Controle de audibilidade (BC549),,30,5,Circuitos,,,
Controle de corrente para fototransistor (,,,5,Circuitos,,página ilegível no índice original (OCR),
Controle de corrente para fototransistor (Il),,107,5,Circuitos,,,
Controle de corrente para fototransistor (III),,130,5,Circuitos,,,
Controle de motor de passo (STK6982H) (1),,119,5,Circuitos,,,
Controle de motor de passo (STK6822) (Il),,122,5,Circuitos,,,
Controle de relé por luz (TIL81),,127,5,Circuitos,,,
Controle de velocidade CC (TIP31),,83,5,Circuitos,,,
Decodificador FM (MC 1310P) (1),,18,5,Circuitos,,,
Decodificador FM (LA3350) (H),,44,5,Circuitos,,,
Detetor de picos positivos (710),,133,5,Circuitos,,,
Diferenciador (UA101A),,85,5,Circuitos,,,
Diferenciador positivo (UA3301),,60,5,Circuitos,,,
Dimmer com triac TIC226,,13,5,Circuitos,,,
Divisor por 100 (7490),,139,5,Circuitos,,,
Dreno de corrente controlada por tensão (LM2900),,116,5,Circuitos,,,
emissor infravermelho,,10,5,Circuitos,,,
Egualizador gráfico (LA3600),,39,5,Circuitos,,,
Excitação TTL de led (7417),,72,5,Circuitos,,,
Excitador de led com FET-N (BF247B),,125,5,Circuitos,,,
Filtro ativo de 60dB de ganho (uA725),,50,5,Circuitos,,,
Filtro de 1kHz passa-baixas (UA4136),,113,5,Circuitos,,,
Filtro passa-banda (uA799),,90,5,Circuitos,,,
Filtro passa-faixa (LÃ! 10),,103,5,Circuitos,,,
Filtro rejeitor de alto Q (uÃ110),,95,5,Circuitos,,,
Flip-flop R-S (3301),,52,5,Circuitos,,,
Fonte 24V x 1A,,31,5,Circuitos,,,
Fonte de 12V com transformador de 6V,,147,5,Circuitos,,,
Fonte de 15V (723),,19,5,Circuitos,,,
Fonte de referência com buffer (UA 110),,41,5,Circuitos,,,
Fonte sem transformador,,136,5,Circuitos,,,
Foto schmitt-trigger (TILB1),,21,5,Circuitos,,,
Fotorrelé (555) (1),,61,5,Circuitos,,,
Fotorrelé (BC548) (Il),,77,5,Circuitos,,,
Fotorrelé (BC548) (Il),,77,5,Circuitos,,,
Fotorrelé (11),,108,5,Circuitos,,,
Fototransistor de alta velocidade (1),,49,5,Circuitos,,,
Fototransistor de alta velocidade (TIL67) (11),,56,5,Circuitos,,,
Gerador 8038,,9,5,Circuitos,,,
Gerador de impulsos (2N2646),,140,5,Circuitos,,,
Indicador de combustível (UAA170),,146,5,Circuitos,,,
Indicador proporcional de leds (BC 548),,73,5,Circuitos,,,
Indutor simulado (LÃ110),,43,5,Circuitos,,,
Integrador rápido com baixa corrente de entrada,,16,5,Circuitos,,,
uÃ1 10/101,,124,5,Circuitos,,,
Interface para fotodiodo (741),,137,5,Circuitos,,,
Interruptor de toque (555),,42,5,Circuitos,,,
Interruptor 7555,,16,5,Circuitos,,,
Limitador de corrente de precisão (LM217),,36,5,Circuitos,,,
Link óptico infravermelho (BF247A),,135,5,Circuitos,,,
Luz hipnótica (MCR106),,117,5,Circuitos,,,
Luz rítmica de 12V (TIP31),,141,5,Circuitos,,,
Mixer & pré-amplificador (BC549),,28,5,Circuitos,,,
Modulador de largura de pulso (748),,75,5,Circuitos,,,
Modulador de RF (2N2222),,38,5,Circuitos,,,
Módulo contador digital,,78,5,Circuitos,,,
Monitor de 12V (BC548),,15,5,Circuitos,,,
Monoestável infravermelho (555),,33,5,Circuitos,,,
Multiplicador de capacitância (UA777),,144,5,Circuitos,,,
Multiplicador de Q (BC548),,126,5,Circuitos,,,
Multivibrador astável (uA1OIA),,82,5,Circuitos,,,
Multivibrador em áudio (BC 548),,93,5,Circuitos,,,
Oscilador a cristal (2N3819) (1),,54,5,Circuitos,,,
Oscitador a cristal (LM111) (ll),,99,5,Circuitos,,,
Oscilador com FET (MPF 102),,123,5,Circuitos,,,
Oscilador controlado externamente (4001),,70,5,Circuitos,,,
Oscilador controlado por tensão (uA798),,76,5,Circuitos,,,
Oscilador a cristal CMOS (4001),,66,5,Circuitos,,,
Oscilador de relaxação (BC548/BC558),,59,5,Circuitos,,,
Oscilador FM 1km (BSxX26),,129,5,Circuitos,,,
Oscilador Hartley (BC 548),,24,5,Circuitos,,,
Oscilador Ponte de Wien (LA796),,112,5,Circuitos,,,
Oscilador TTL gatilhado (7400),,105,5,Circuitos,,,
Porta NAND (3301),,45,5,Circuitos,,,
Pré-amplificador RIAA — fono (LM382),,92,5,Circuitos,,,
Pré NAB para fita (LM387),,98,5,Circuitos,,,
Pré para carro (LA3160),,40,5,Circuitos,,,
Pré para MIC dinâmico (CA3140),,14,5,Circuitos,,,
Pré para microfone (LM381),,51,5,Circuitos,,,
Pré playback para fita (LM382),,97,5,Circuitos,,,
Proteção de fontes (MCR106),,23,5,Circuitos,,,
Pulsador (BC 548),,55,5,Circuitos,,,
Receptor alternativo (25B75),,142,5,Circuitos,,,
"Regulador 1,2V — 20V (LM217/317)",,35,5,Circuitos,,,
Regulador ajustável (109),,53,5,Circuitos,,,
Regulador de corrente (109),,143,5,Circuitos,,,
Regulador positivo de tensão (LA791),,106,5,Circuitos,,,
Relaxação com transistores (BC548/BC558),,29,5,Circuitos,,,
Schmitt trigger (BC 548),,110,5,Circuitos,,,
Seguidor de sinais (BC548/BC 558),,148,5,Circuitos,,,
Seguidor de tensão (747) (1),,47,5,Circuitos,,,
Seguidor de tensão (HA748M) (Il),,114,5,Circuitos,,,
Seguidor de tensão rápido (LM301),,12,5,Circuitos,,,
Simples alarme (BC548),,121,5,Circuitos,,,
Simples timer (BC 548),,22,5,Circuitos,,,
Sirene 555,,84,5,Circuitos,,,
Somador rápido (LM301) (1),,11,5,Circuitos,,,
Somador rápido (LÃ1O1A) (II),,128,5,Circuitos,,,
Timer (2N2646),,74,5,Circuitos,,,
Unijunção & XTAL,,145,5,Circuitos,,,
VFO com varicap (BF 494),,27,5,Circuitos,,,
Voltimetro CC (BC 548),,25,5,Circuitos,,,
Voltímetro logarítmico (741),,91,5,Circuitos,,,
555 Astável,,94,5,Circuitos,,,
555 Monoestável,,67,5,Circuitos,,,
60Hz — TTL (7404),,68,5,Circuitos,,,
Astável CMOS,,132,5,Fórmulas,,,
Capacitância de um condutor esférico,,141,5,Fórmulas,,,
Circuito T,,147,5,Fórmulas,,,
Corrente elétrica,,58,5,Fórmulas,,,
Equação do gerador,,141,5,Fórmulas,,,
Indução magnética (Biot/Savart),,55,5,Fórmulas,,,
Lei de Pouillet,,71,5,Fórmulas,,,
Ponte de fio,,100,5,Fórmulas,,,
Potência desenvolvida,,140,5,Fórmulas,,,
Potência máxima,,64,5,Fórmulas,,,
Potencial elétrico,,82,5,Fórmulas,,,
Potenciômetro de Poggendort,,136,5,Fórmulas,,,
Rendimento de um gerador,,51,5,Fórmulas,,,
Funções de transferência (1),,25,5,Fórmulas,,,
Funções de transferência (ll),,35,5,Fórmulas,,,
Funções de transferência (Ill),,36,5,Fórmulas,,,
Funções de transferência (IV),,53,5,Fórmulas,,,
1N49/1N50,,57,5,Componentes,,,
1N51/1N52,,89,5,Componentes,,,
INSS/INSSA,,57,5,Componentes,,,
2N2218/2N2218A,,67,5,Componentes,,,
25B459,,89,5,Componentes,,,
28875,,49,5,Componentes,,,
4069,,24,5,Componentes,,,
709,,37,5,Componentes,,,
747,,104,5,Componentes,,,
748,,21,5,Componentes,,,
BA314/315,,42,5,Componentes,,,
BC213,,145,5,Componentes,,,
BC516,,22,5,Componentes,,,
BC617/BC618,,139,5,Componentes,,,
BD115,,108,5,Componentes,,,
BD291,,72,5,Componentes,,,
BD292,,115,5,Componentes,,,
BD293,,81,5,Componentes,,,
BD294,,81,5,Componentes,,,
BD335,,123,5,Componentes,,,
BD336,,56,5,Componentes,,,
BDY90,,142,5,Componentes,,,
BDY91,,76,5,Componentes,,,
BF457,,75,5,Componentes,,,
BF458,,73,5,Componentes,,,
BF459,,66,5,Componentes,,,
BF494,,109,5,Componentes,,,
BF495,,109,5,Componentes,,,
BF960,,85,5,Componentes,,,
BF964,,94,5,Componentes,,,
BF966,,102,5,Componentes,,,
BF981,,97,5,Componentes,,,
BFP22,,110,5,Componentes,,,
BFP23,,110,5,Componentes,,,
BFR84,,33,5,Componentes,,,
BRY56,,121,5,Componentes,,,
BRY86,,106,5,Componentes,,,
CA324,,17,5,Componentes,,,
CA1458,,20,5,Componentes,,,
CQv56,,134,5,Componentes,,,
CQv57,,137,5,Componentes,,,
F-1,,29,5,Componentes,,,
FR-25,,29,5,Componentes,,,
HC/HCTO8,,105,5,Componentes,,,
HC/HCT1O,,86,5,Componentes,,,
HC/HCTI1,,80,5,Componentes,,,
IBK33B,,22,5,Componentes,,,
LD41,,148,5,Componentes,,,
LD602,,138,5,Componentes,,,
LD606,,135,5,Componentes,,,
LD607,,130,5,Componentes,,,
LM102/302,,38,5,Componentes,,,
LM106/LM206/LM306,,118,5,Componentes,,,
LM217/LM317,,91,5,Componentes,,,
LM218/LM318,,13,5,Componentes,,,
LM350,,95,5,Componentes,,,
LMC1458,,14,5,Componentes,,,
MPS5551,,120,5,Componentes,,,
PE7058,,99,5,Componentes,,,
PE7059,,124,5,Componentes,,,
TAA201,,31,5,Componentes,,,
TAAS50,,123,5,Componentes,,,
TDA1520A,,15,5,Componentes,,,
TDA2002,,92,5,Componentes,,,
TIC126,,90,5,Componentes,,,
TIC253/TIC263,,83,5,Componentes,,,
TIP110/TIP111/TIP1I2,,70,5,Componentes,,,
TIP145/146/147,,126,5,Componentes,,,
TIP35/A/B/C,,45,5,Componentes,,,
TIP36/A/B/C,,47,5,Componentes,,,
TIP501/502,,116,5,Componentes,,,
TIP51aTIP54,,,5,Componentes,,página ilegível no índice original (OCR),
TLo64,,28,5,Componentes,,,
uA7O2?,,,5,Componentes,,página ilegível no índice original (OCR),
uA7ÃO,,10,5,Componentes,,,
Barramento TK82/85/90X,,12,5,Informática,,,
EPROMS de 4k x 8 (5V),,133,5,Informática,,,
Memórias de 64k,,,5,Informática,,página ilegível no índice original (OCR),
Sintetizadores de voz,,74,5,Informática,,,
TMsa732,,113,5,Informática,,,
TMS4164,,114,5,Informática,,,
TMS4464,,98,5,Informática,,,
TMS4416,,69,5,Informática,,,
6C9,,50,5,Válvulas,,,
6CE5,,65,5,Válvulas,,,
6CcHB,,112,5,Válvulas,,,
6CW7,,128,5,Válvulas,,,
6FHs,,122,5,Válvulas,,,
Faixas de emissão classe A,,27,5,Radioamadorismo,,,
Faixas de emissão classe B,,111,5,Radioamadorismo,,,
Faixas de emissão classe,,119,5,Radioamadorismo,,,
Frequências de repetidoras,,34,5,Radioamadorismo,,,
Indicativos do Brasil,,63,5,Radioamadorismo,,,
Tipos de emissão,,62,5,Radioamadorismo,,,
Capacitores cerâmicos,,128,5,A Eletrônica no Tempo,,,
Contador Geiger,,82,5,A Eletrônica no Tempo,,,
Efeito fotovoltaico,,82,5,A Eletrônica no Tempo,,,
Emissão infravermelha,,127,5,A Eletrônica no Tempo,,,
Galvanômetro de bobina móvel,,34,5,A Eletrônica no Tempo,,,
Motor de indução,,115,5,A Eletrônica no Tempo,,,
Motor elétrico,,115,5,A Eletrônica no Tempo,,,
Raios catódicos,,30,5,A Eletrônica no Tempo,,,
Raios X,,46,5,A Eletrônica no Tempo,,,
Voltímetro digital,,50,5,A Eletrônica no Tempo,,,
Alfabeto grego,,59,5,Tabelas e Códigos,,,
Código de capacitores Thomsom,,19,5,Tabelas e Códigos,,,
Constantes de PI,,127,5,Tabelas e Códigos,,,
Conversão dB/uV,,58,5,Tabelas e Códigos,,,
Equivalência TTL (1),,30,5,Tabelas e Códigos,,,
Equivalência TTL (1),,46,5,Tabelas e Códigos,,,
Equivalência TTL (HI),,48,5,Tabelas e Códigos,,,
Equivalência TTL (IV),,48,5,Tabelas e Códigos,,,
Equivalência de unidades nucleares,,146,5,Tabelas e Códigos,,,
Faixas de radiodifusão,,26,5,Tabelas e Códigos,,,
Fios de nicromo,,87,5,Tabelas e Códigos,,,
Microrrelés MC,,79,5,Tabelas e Códigos,,,
Ondas cerebrais,,117,5,Tabelas e Códigos,,,
Relés de remanência,,107,5,Tabelas e Códigos,,,
Série E24 de valores,,140,5,Tabelas e Códigos,,,
Simbologia de CATV (1),,23,5,Tabelas e Códigos,,,
Simbologia de CATV (Il),,43,5,Tabelas e Códigos,,,
Simbologia de CATY (III),,54,5,Tabelas e Códigos,,,
Tabela de niveis sonoros,,66,5,Tabelas e Códigos,,,
Características de transferência TTL,,143,5,Informações Diversas,,,
Características de diodos luminescentes,,144,5,Informações Diversas,,,
Características dos sistemas de TV (I),,61,5,Informações Diversas,,,
Características dos sistemas de TV (Il),,84,5,Informações Diversas,,,
Características dos sistemas de TV (ll!),,,5,Informações Diversas,,página ilegível no índice original (OCR),
Características dos sistemas de TV (IV),,101,5,Informações Diversas,,,
Características dos sistemas de TV (V),,103,5,Informações Diversas,,,
Características dos sistemas de TV (VI),,108,5,Informações Diversas,,,
Circulo mágico da Lei de Ohm,,145,5,Informações Diversas,,,
Curie,,59,5,Informações Diversas,,,
Curvas de diretividade de microtones,,78,5,Informações Diversas,,,
Definição de Ampére,,,5,Informações Diversas,,página ilegível no índice original (OCR),
Efeito fisiológico da corrente elétrica,,52,5,Informações Diversas,,,
Eliminador de fantasmas,,9,5,Informações Diversas,,,
Espectros de leds,,16,5,Informações Diversas,,,
Jaque circuito fechado,,41,5,Informações Diversas,,,
Ligação de microfones,,40,5,Informações Diversas,,,
Motor de passo,,93,5,Informações Diversas,,,
Proteção de instrumentos,,18,5,Informações Diversas,,,
Prova de pilhas,,39,5,Informações Diversas,,,
Radiação gama,,144,5,Informações Diversas,,,
Róentgen,,56,5,Informações Diversas,,,
Siglas de sistemas de TV,,121,5,Informações Diversas,,,
Soldador ultrafino,,96,5,Informações Diversas,,,
Terra comum em mixers,,41,5,Informações Diversas,,,
Acoplador Óptico (R = 10mm),,33,6,Circuitos,,,
Alarme Fotoelérico,,,6,Circuitos,,página ilegível no índice original (OCR),
Amostragem & Retenção,,79,6,Circuitos,,,
Amplificador CA de Alta Impedância,,24,6,Circuitos,,,
Amplificador CC com pequena corrente de entrada,,,6,Circuitos,,página ilegível no índice original (OCR),
Amplificador controlado por tensão,,105,6,Circuitos,,,
Amplificador de Alta Velocidade,,11,6,Circuitos,,,
Amplificador de 3 W,,,6,Circuitos,,página ilegível no índice original (OCR),
Amplificador Inversor,,,6,Circuitos,,página ilegível no índice original (OCR),
Amplificador Linear até 100 kHz,,93,6,Circuitos,,,
Amplificador Nanowait,,,6,Circuitos,,página ilegível no índice original (OCR),
Ampiificador para Relutância Variável,,,6,Circuitos,,página ilegível no índice original (OCR),
Amplificador para Transdutor Capacitivo,,92,6,Circuitos,,,
Amplificador Simples (1 W),,,6,Circuitos,,página ilegível no índice original (OCR),
Amplificador TDA 2006-8W,,23,6,Circuitos,,,
Antena de Quadro Aiiva,,,6,Circuitos,,página ilegível no índice original (OCR),
Astávei CMOS com ciclo ativo,,57,6,Circuitos,,,
Bargraphde 12V,,,6,Circuitos,,página ilegível no índice original (OCR),
Biestável,,,6,Circuitos,,página ilegível no índice original (OCR),
Biestável Transistorizado,,,6,Circuitos,,página ilegível no índice original (OCR),
Câmera de Eco SAD512D,,22,6,Circuitos,,,
Carregador de Baterias (),,,6,Circuitos,,página ilegível no índice original (OCR),
Carregador de Baterias (ll),,,6,Circuitos,,página ilegível no índice original (OCR),
Chave AC usando Mos -SCR,,,6,Circuitos,,página ilegível no índice original (OCR),
Chave de Toque,,,6,Circuitos,,página ilegível no índice original (OCR),
Chave sem Ruído,,,6,Circuitos,,página ilegível no índice original (OCR),
Circuito Anti-Repique,,,6,Circuitos,,página ilegível no índice original (OCR),
Circuito para Fotodiodo — (NPN),,,6,Circuitos,,página ilegível no índice original (OCR),
Clock Complementar CMOS,,,6,Circuitos,,página ilegível no índice original (OCR),
Clock de 1 Integrado (4069),,,6,Circuitos,,página ilegível no índice original (OCR),
Combinador Linear,,,6,Circuitos,,página ilegível no índice original (OCR),
Comparador com Histerese,,10,6,Circuitos,,,
Comparador de Fase com Amostragem eRetenção,,,6,Circuitos,,página ilegível no índice original (OCR),
Comparador de Fase com Amostragem,,,6,Circuitos,,página ilegível no índice original (OCR),
Retenção,,86,6,Circuitos,,,
Contador Driver de 7 Segmentos 4511,,95,6,Circuitos,,,
Controle de corrente para,,,6,Circuitos,,página ilegível no índice original (OCR),
Controle de Motor com Suse,,61,6,Circuitos,,,
Controle de Triac por Acoplador Óptico,,65,6,Circuitos,,,
Controle Remoto com Opto-Diac,,112,6,Circuitos,,,
Conversor Frequência/Tensão (555),,77,6,Circuitos,,,
Conversor Tensão/Corrente de,,,6,Circuitos,,página ilegível no índice original (OCR),
Decodificador FM Estéreo,,73,6,Circuitos,,,
Detector de Partículas Nucleares,,53,6,Circuitos,,,
Detector de Pico,,80,6,Circuitos,,,
Detector de Produto (SSB),,92,6,Circuitos,,,
Diapasão,,51,6,Circuitos,,,
Diferenciador Negativo,,27,6,Circuitos,,,
Discriminador de Janela com,,,6,Circuitos,,página ilegível no índice original (OCR),
Abertura Multipla,,16,6,Circuitos,,,
Divisor CMOS 4004,,87,6,Circuitos,,,
Divisor Programadode 1a,,47,6,Circuitos,,,
Divisor 4013 de Frequênciapor2,,45,6,Circuitos,,,
Divisor 4013 de Frequência por,,113,6,Circuitos,,,
Driver CMOS 40107,,58,6,Circuitos,,,
Duplo Foto-oscilador,,8,6,Circuitos,,,
Eliminador de 6V x 20mA,,107,6,Circuitos,,,
Etapa de Potência para 555,,116,6,Circuitos,,,
Excitação de Leds em Série,,20,6,Circuitos,,,
Excitador de Led com Fet-P,,13,6,Circuitos,,,
Filtro para Rede,,36,6,Circuitos,,,
"Filtro Rejeitor de 4,5 MHz",,44,6,Circuitos,,,
Filtro Sintonizado de 100 kHz,,71,6,Circuitos,,,
Flash Remoto,,104,6,Circuitos,,,
Fonte com Transistor Queimado,,126,6,Circuitos,,,
"Fontede 1,2A1,4V",,101,6,Circuitos,,,
"Fontede 1,5/25Vx2A",,106,6,Circuitos,,,
Fontede5Vx5A,,38,6,Circuitos,,,
Fonte de corrente constante,,102,6,Circuitos,,,
Fonte de corrente constante de precisão,,99,6,Circuitos,,,
Fonte de corrente constante para Led,,18,6,Circuitos,,,
Fotodarington x,,40,6,Circuitos,,,
Fotorrelé semalimentação,,44,6,Circuitos,,,
Fototiristor Simulado,,31,6,Circuitos,,,
Fototrigger Dariington PNP,,32,6,Circuitos,,,
Gerador de Funções (Fairchild),,9,6,Circuitos,,,
Gerador de Pulso,,26,6,Circuitos,,,
Gerador Retangular de Baixa Frequência,,,6,Circuitos,,página ilegível no índice original (OCR),
Luz de Emergência,,127,6,Circuitos,,,
Grilinho,,,6,Circuitos,,página ilegível no índice original (OCR),
Grilo Eletrônico,,115,6,Circuitos,,,
Injetor CMOS,,,6,Circuitos,,página ilegível no índice original (OCR),
Interface CMOS/TTL,,98,6,Circuitos,,,
Interface TTLYCMOS (D,,122,6,Circuitos,,,
interface TTL/CMOS (ll),,93,6,Circuitos,,,
Interruptor de Toque 4013,,59,6,Circuitos,,,
Inversor 12V/MOV,,,6,Circuitos,,página ilegível no índice original (OCR),
Link para Transmissão de Imagem,,129,6,Circuitos,,,
Luz Estoboscópica,,103,6,Circuitos,,,
Micro Amplificador LM386,,9,6,Circuitos,,,
Micro Timer,,107,6,Circuitos,,,
Mixer Digital (4010),,60,6,Circuitos,,,
Monitor de Tensão 122V,,89,6,Circuitos,,,
Monoestável TFL,,120,6,Circuitos,,,
Monoestável 4098,,85,6,Circuitos,,,
Multiplicador de Capacitância,,81,6,Circuitos,,,
Multiplicador de 4.Quadrantes,,101,6,Circuitos,,,
Muttivibrador -9620,,30,6,Circuitos,,,
Muttivibrador a Cristal,,62,6,Circuitos,,,
Optoisolador,,134,6,Circuitos,,,
Oscilador AC 187/188,,67,6,Circuitos,,,
Oscilador até 200 MHz,,108,6,Circuitos,,,
Oscilador LM 339,,56,6,Circuitos,,,
Oscilador LM 339,,56,6,Circuitos,,,
Oscilador 27 MHz,,96,6,Circuitos,,,
Oscilador 4011,,,6,Circuitos,,página ilegível no índice original (OCR),
Pisca-Pisca Integrado,,3,6,Circuitos,,,
Pisca-Pisca para Árvore de Natal,,89,6,Circuitos,,,
Porta Óptica exclusive — Nor,,25,6,Circuitos,,,
Porta Óptica Nand,,29,6,Circuitos,,,
Porta para Fibra Óptica,,117,6,Circuitos,,,
Pré com Fet,,133,6,Circuitos,,,
PrécomFet(W),,109,6,Circuitos,,,
Pré para Captador Telefônico,,75,6,Circuitos,,,
Pré para Pickup Magnético,,9,6,Circuitos,,,
Pré para Violão/Guitarra,,78,6,Circuitos,,,
Rádio AM Integrado,,45,6,Circuitos,,,
Rádio Solar,,42,6,Circuitos,,,
Receptor Infravermelho,,52,6,Circuitos,,,
Receptor para Link de Imagem,,130,6,Circuitos,,,
Receptor para Radiação Pulsante (,,,6,Circuitos,,página ilegível no índice original (OCR),
Redutor de 12 para6 Vparaocarro,,109,6,Circuitos,,,
Referência de Tensão com Baixo,,63,6,Circuitos,,,
Ruído AC(LM385),,68,6,Circuitos,,,
Regulador de 0—30 V(TL317m),,70,6,Circuitos,,,
Regulador de 50V x 500mA,,69,6,Circuitos,,,
Regulador de 12 Vcom741,,88,6,Circuitos,,,
Regulador de Velocidade para Motores,,94,6,Circuitos,,,
Regulador Variável deCorrente,,63,6,Circuitos,,,
Relé DC com 741,,74,6,Circuitos,,,
Relé de Tempo,,121,6,Circuitos,,,
Relé Monoestável,,76,6,Circuitos,,,
Schimitt Acoptador Óptico,,39,6,Circuitos,,,
Schimitt Trigger 4011,,20,6,Circuitos,,,
Seguidor de Tensão,,21,6,Circuitos,,,
Seguidor de Tensão Rápido (WAÍIO1A),,14,6,Circuitos,,,
Sequenciador 4013,,48,6,Circuitos,,,
Servo,,100,6,Circuitos,,,
Simples Antifurto,,99,6,Circuitos,,,
Sintonizador de Antenas,,119,6,Circuitos,,,
Tacômetro (CA3045/3046),,73,6,Circuitos,,,
Termômetro 0100º (ID,,115,6,Circuitos,,,
TestedeForça,,28,6,Circuitos,,,
Transmissorde FM,,50,6,Circuitos,,,
Transmissorde CW para 40m,,110,6,Circuitos,,,
Transmissorde FM,,50,6,Circuitos,,,
Zener de Potência,,64,6,Circuitos,,,
Zener variável,,21,6,Circuitos,,,
Idéias Práticas,,,6,Circuitos,,página ilegível no índice original (OCR),
Eletrolíticos despolarizados,,66,6,Circuitos,,,
Emendas em placas de circuito,,,6,Circuitos,,página ilegível no índice original (OCR),
impresso,,28,6,Circuitos,,,
Fixação de terminais em bobinas,,44,6,Circuitos,,,
Leds em corrente alternada,,27,6,Circuitos,,,
Ligação de transformadores,,116,6,Circuitos,,,
Montagem de transistor de potência,,100,6,Circuitos,,,
em placa,,21,6,Circuitos,,,
Placa como radiador,,16,6,Circuitos,,,
Prova lógica,,36,6,Circuitos,,,
Resistores de valores baixos,,12,6,Circuitos,,,
Terminais de eletrolíticos,,29,6,Circuitos,,,
Transistores como diodos,,48,6,Circuitos,,,
Diversos,,,6,Circuitos,,página ilegível no índice original (OCR),
Associação de Lâmpadas,,108,6,Circuitos,,,
Configurações de transistores,,100,6,Circuitos,,,
Controle de Volume Típico,,70,6,Circuitos,,,
Desacoplamento para eletrolticos,,53,6,Circuitos,,,
Faixa de níveis lógicos CMOS,,20,6,Circuitos,,,
Filtro Notch deato Q,,102,6,Circuitos,,,
Identificação deLeds,,35,6,Circuitos,,,
Integrados,,112,6,Circuitos,,,
Montagem de resistores de fio,,71,6,Circuitos,,,
Oploacopladores,,87,6,Circuitos,,,
Oscilador CMOS,,9,6,Circuitos,,,
Oscilador Hartley,,9,6,Circuitos,,,
Porta com Nand operacional,,114,6,Circuitos,,,
Porta Nand básica,,36,6,Circuitos,,,
Porta Nor básica (2),,35,6,Circuitos,,,
Porta Nor com operacional,,97,6,Circuitos,,,
Queda de Tensão num,,50,6,Circuitos,,,
Resposta espectral de diodo,,85,6,Circuitos,,,
de silício,,,6,Circuitos,,página ilegível no índice original (OCR),
Simbolos de valores,,96,6,Circuitos,,,
Simbolos de Válvulas,,114,6,Circuitos,,,
556 Monoestável,,38,6,Circuitos,,,
Canais — faixa do cidadão,,140,6,Tabelas e Códigos,,,
Códigos de capacitores antigos,,110,6,Tabelas e Códigos,,,
Comprimentos de onda,,81,6,Tabelas e Códigos,,,
Conversão decimal x BCD,,143,6,Tabelas e Códigos,,,
Conversão Polegadas xmm,,141,6,Tabelas e Códigos,,,
Conversão Watts xHP,,144,6,Tabelas e Códigos,,,
Equivalências de reguladores deTensão,,138,6,Tabelas e Códigos,,,
Frequências de TV —UHF,,138,6,Tabelas e Códigos,,,
Funções Trigonométricas,,142,6,Tabelas e Códigos,,,
Lâmpadas Fluorescentes,,120,6,Tabelas e Códigos,,,
Número de elétrons nas camadas : def átomo,,27,6,Tabelas e Códigos,,,
Produtos Químicos,,46,6,Tabelas e Códigos,,,
Resistores limitadores para Leds,,52,6,Tabelas e Códigos,,,
Símbolos elétricos,,80,6,Tabelas e Códigos,,,
Tabela de fios esmaltados,,145,6,Tabelas e Códigos,,,
Símbolos elétricos,,,6,Tabelas e Códigos,,página ilegível no índice original (OCR),
Tabela de fios esmaltados,,145,6,Tabelas e Códigos,,,
Astável com 2inversores,,40,6,Fórmulas,,,
Astável melhorado (2 inversores),,117,6,Fórmulas,,,
Comprimento de onda,,,6,Fórmulas,,página ilegível no índice original (OCR),
Conversões de Temperatura,,83,6,Fórmulas,,,
D.D.P. num campo uniforme,,78,6,Fórmulas,,,
Filtro Rejeita Faixa Constante -K,,106,6,Fórmulas,,,
Fluxo docampoelétrico,,,6,Fórmulas,,página ilegível no índice original (OCR),
Movimento em campo uniforme,,69,6,Fórmulas,,,
Oscilador de 3 Portas,,13,6,Fórmulas,,,
Progressão Aritmética,,,6,Fórmulas,,página ilegível no índice original (OCR),
Progressão Geométrica,,87,6,Fórmulas,,,
Série de Fourier,,125,6,Fórmulas,,,
Trabalho de Forças Elétricas,,132,6,Fórmulas,,,
BC517,,54,6,Componentes,,,
BFIIS,,131,6,Componentes,,,
BF4AGO,,18,6,Componentes,,,
BF324,,3,6,Componentes,,,
BF458,,62,6,Componentes,,,
BF459,,82,6,Componentes,,,
BF4ABO,,4,6,Componentes,,,
BF496,,51,6,Componentes,,,
BFR9O,,55,6,Componentes,,,
CA3000,,121,6,Componentes,,,
CA3O5A,,63,6,Componentes,,,
COVI6,,57,6,Componentes,,,
COVIB,,65,6,Componentes,,,
CQVIS,,,6,Componentes,,página ilegível no índice original (OCR),
[676 = DR,,4,6,Componentes,,,
CQV28,,48,6,Componentes,,,
CQV2I,,,6,Componentes,,página ilegível no índice original (OCR),
COV36,,123,6,Componentes,,,
COV3IT,,128,6,Componentes,,,
COV3B,,128,6,Componentes,,,
CQV39,,118,6,Componentes,,,
CQVIT,,23,6,Componentes,,,
HCUOS,,11,6,Componentes,,,
LM3S,,61,6,Componentes,,,
LM3I9,,15,6,Componentes,,,
LM38S,,42,6,Componentes,,,
LM39DO,,18,6,Componentes,,,
MCIS3O,,60,6,Componentes,,,
"[9,07 4 4. À",,,6,Componentes,,página ilegível no índice original (OCR),
MOC3000,,49,6,Componentes,,,
MOC3009/10/11/12,,,6,Componentes,,página ilegível no índice original (OCR),
PSUS3400,,112,6,Componentes,,,
SIBOP,,135,6,Componentes,,,
TAA3DO,,,6,Componentes,,página ilegível no índice original (OCR),
TKC206,,68,6,Componentes,,,
TL431,,30,6,Componentes,,,
TMS2516,,18,6,Componentes,,,
TMS2532,,47,6,Componentes,,,
Z80,,136,6,Componentes,,,
LATTT,,,6,Componentes,,página ilegível no índice original (OCR),
INGO/4I/SD LL,,66,6,Componentes,,,
INSTIAB,,,6,Componentes,,página ilegível no índice original (OCR),
2N3054,,,6,Componentes,,página ilegível no índice original (OCR),
3NIBDB,,129,6,Componentes,,,
AND5,,28,6,Componentes,,,
4N25/26/27/208,,135,6,Componentes,,,
ANDO,,,6,Componentes,,página ilegível no índice original (OCR),
4N29/30/31/32/32A/33,,84,6,Componentes,,,
S000B,,,6,Componentes,,página ilegível no índice original (OCR),
GMOIB,,,6,Componentes,,página ilegível no índice original (OCR),
63S140/63LSI41,,45,6,Componentes,,,
635140/635141,,26,6,Componentes,,,
635240/635241,,64,6,Componentes,,,
Acionador por acoplador óptico,,102,7,Circuitos,,,
(555/4N25),,102,7,Circuitos,,,
Alarme com reed-switch(BC548/558),,12,7,Circuitos,,,
Alarme de sobretensão (MC2425),,95,7,Circuitos,,,
Amplificador AC não inversor (uA798),,8,7,Circuitos,,,
"Amplificador de 6,25 W Texas",,76,7,Circuitos,,,
Amplificador e driver para linha de 50 ohms (LM3900),,80,7,Circuitos,,,
Amplificadore stéreo 22W(TDA1519),,10,7,Circuitos,,,
Amplificador Mono 2 W TDA 1529,,98,7,Circuitos,,,
", Amplificador para cápsulas cerâmicas",,9,7,Circuitos,,,
Amplificador para cápsulas magnéticas,,101,7,Circuitos,,,
Amplificador para fones 1W(LA4170),,5,7,Circuitos,,,
Amplificador para MIC GW (LM383),,86,7,Circuitos,,,
Amplificador para termopar(CA3140),,12,7,Circuitos,,,
Amplificador TBAB20M,,23,7,Circuitos,,,
Amplificador TBA810S,,26,7,Circuitos,,,
Amplificador TDAZ009,,88,7,Circuitos,,,
Amplificador TDA7050 (estéreo),,96,7,Circuitos,,,
Amplificador TDA7050 (mono),,110,7,Circuitos,,,
Amplificador 6W (TDAZ611A),,50,7,Circuitos,,,
Amplificador 6+6W (TDA1521A) t,,120,7,Circuitos,,,
Amplificador 6+6W (TDA1521A),,,7,Circuitos,,página ilegível no índice original (OCR),
Astável (TLC271),,94,7,Circuitos,,,
Aviso de fusível queimado (BC557),,10,7,Circuitos,,,
Biestável de toque (555/4013),,32,7,Circuitos,,,
Biestável (3900),,111,7,Circuitos,,,
Chave de proximidade (4013),,125,7,Circuitos,,,
Chave de toque (555),,70,7,Circuitos,,,
Clock de 4 a 45 kHz (4069),,90,7,Circuitos,,,
Comparador com histerese (uA79B),,9,7,Circuitos,,,
Comparador de janela (741),,105,7,Circuitos,,,
Chave de toque (555),,70,7,Circuitos,,,
Clock de 4 a 45 kHz (4069),,90,7,Circuitos,,,
Comparador com histerese (uA79B),,9,7,Circuitos,,,
Comparador de janela (741),,105,7,Circuitos,,,
Controle de velocidade para motores,,27,7,Circuitos,,,
(555/TIP32),,27,7,Circuitos,,,
Controle remoto de volume(MC3340P),,8,7,Circuitos,,,
Conversor A/D para baixas tensões,,19,7,Circuitos,,,
(MC34074),,19,7,Circuitos,,,
Decodificador TTL 2 x 4 (7404/7408),,5,7,Circuitos,,,
Detetor de metais (BC548),,99,7,Circuitos,,,
Detetor de passagem por zero,,,7,Circuitos,,página ilegível no índice original (OCR),
Detetor de passagem por zero,,,7,Circuitos,,página ilegível no índice original (OCR),
Detetor de produto com FET (BF 245),,9,7,Circuitos,,,
Dimmer com triac (TIC228),,11,7,Circuitos,,,
Dimmer de 12V (4011),,16,7,Circuitos,,,
Divisor por 2 e 4 (4013),,86,7,Circuitos,,,
Divisor por 2 (4018),,125,7,Circuitos,,,
Divisor por 3 (4018),,123,7,Circuitos,,,
Divisor por 4 (4018),,122,7,Circuitos,,,
Divisor por 5 (4018),,124,7,Circuitos,,,
Divisor por 9 (4018),,51,7,Circuitos,,,
Divisor por 10 (4018),,52,7,Circuitos,,,
Disparador por transação negativa,,,7,Circuitos,,página ilegível no índice original (OCR),
Disparador por transição positiva (7404),,72,7,Circuitos,,,
Dobrador de frequência (1N4386),,127,7,Circuitos,,,
Driver para TTL (34074),,28,7,Circuitos,,,
9 Emissor infravermelho (555),,89,7,Circuitos,,,
Emissor ultra-sônico (BC/BD),,97,7,Circuitos,,,
Etapa receptora para foto-diodo (BF245),,45,7,Circuitos,,,
Excitador p/ buzzer cerâmico,,,7,Circuitos,,página ilegível no índice original (OCR),
Excitador p/ buzzer cerâmico,,,7,Circuitos,,página ilegível no índice original (OCR),
4 Excitador para buzzer cerâmico,,,7,Circuitos,,página ilegível no índice original (OCR),
Excitador p/ buzzer cerâmico,,,7,Circuitos,,página ilegível no índice original (OCR),
U(BC548)-73,,,7,Circuitos,,página ilegível no índice original (OCR),
4 Excitador para buzzer cerâmico (2N2646),,74,7,Circuitos,,,
Excitador para buzzer cerâmico (4001/4011),,75,7,Circuitos,,,
FET como fonte de corrente constante (BF245),,130,7,Circuitos,,,
8 Filtro ativo passa baixas (uÃ1 10),,87,7,Circuitos,,,
Filtro-passa-altas (TLC271),,99,7,Circuitos,,,
9 Filtro passa-baixas (TLC271),,93,7,Circuitos,,,
Filtro passa-baixas de 2º ordem (TLOB1),,21,7,Circuitos,,,
Fiip-flop RS (LM3900),,68,7,Circuitos,,,
Fliplop RS (7400/7410),,66,7,Circuitos,,,
Fonte de corrente bilateral (uA777),,88,7,Circuitos,,,
Fonte sem transformador,,30,7,Circuitos,,,
Fonte simétrica (LM380),,119,7,Circuitos,,,
Fonte variável com 741 3A,,94,7,Circuitos,,,
"Fonte de 1,2V / 28V 1,5 A(LM317k)",,128,7,Circuitos,,,
À Fonte 6V x 2A (7806/TIP32),,107,7,Circuitos,,,
Fonte 12V/75mA (723),,83,7,Circuitos,,,
Fonte 15V x 500 mA (723),,34,7,Circuitos,,,
Foto-Darlington rápido (BC 183),,81,7,Circuitos,,,
Foto-receptor (741),,92,7,Circuitos,,,
Foto Trigger monoestável (BC 184),,81,7,Circuitos,,,
Fotômetro 1 (LDR),,33,7,Circuitos,,,
Fotômetro tl (LOR),,31,7,Circuitos,,,
. Ganho 10 com o CÃ3140,,43,7,Circuitos,,,
Gerador de função (TLC271),,24,7,Circuitos,,,
Gerador de função (uA799),,87,7,Circuitos,,,
0 Gerador de ruído branco (BC548),,46,7,Circuitos,,,
Indicador de sobretensão (CA3140),,96,7,Circuitos,,,
Injetor de sinais (BC548),,66,7,Circuitos,,,
5 Interface opto c/ strobe (LS600/610),,65,7,Circuitos,,,
Inversor (4093),,113,7,Circuitos,,,
* “Led-fiasher (7555),,42,7,Circuitos,,,
Micro-amplificador (BC548/558),,100,7,Circuitos,,,
Micro amplificador de 1W (TDA7052),,71,7,Circuitos,,,
Mixer (LM381),,10,7,Circuitos,,,
5 Mixer para 100 MHz (MC 15906),,67,7,Circuitos,,,
Modulador óptico com FET,,91,7,Circuitos,,,
Monoestável (LM3900),,109,7,Circuitos,,,
Monoestável (4011),,89,7,Circuitos,,,
Monoestável (4013),,61,7,Circuitos,,,
Monoestável controlado por luz,,,7,Circuitos,,página ilegível no índice original (OCR),
Monoestável (7413),,40,7,Circuitos,,,
Monoestável redisparável (4013),,126,7,Circuitos,,,
Motor com acionamento por toque,,,7,Circuitos,,página ilegível no índice original (OCR),
Motor com acionamento por toque (TIC106),,25,7,Circuitos,,,
Oscilador CMOS,,77,7,Circuitos,,,
VSCHAdO! FEI (DE CRO),,1,7,Circuitos,,,
Oscitador FET por deslocamento de tu,,,7,Circuitos,,página ilegível no índice original (OCR),
fase (BF245),,60,7,Circuitos,,,
Oscilador (LM139/239/339),,29,7,Circuitos,,,
Oscilador para buzzer (4093),,103,7,Circuitos,,,
Oscilador PNP (BC558),,82,7,Circuitos,,,
Oscilador RC (741),,108,7,Circuitos,,,
Osscilador ultra-sônico 15-22 kHz at,,,7,Circuitos,,página ilegível no índice original (OCR),
Oscilador ultra-sônico 15-22 kHz at (4011),,20,7,Circuitos,,,
Oscilador UHF (BFR93),,15,7,Circuitos,,,
Oscilador Wien com TLC271,,62,7,Circuitos,,,
Oscilador 1kHz (LM3900),,104,7,Circuitos,,,
Oscilador 32 kHz (MC 1455),,14,7,Circuitos,,,
Oscilador 100 kHz a 1 MHz (4093),,112,7,Circuitos,,,
Oscilador 200-4000 Hz (741),,126,7,Circuitos,,,
Oscilador 4001 100 Hz,,77,7,Circuitos,,,
Oscilador (7413),,85,7,Circuitos,,,
Oscilador 2/3 MHz (4093),,103,7,Circuitos,,,
Passa-baixas 1 Hz (CA3140),,49,7,Circuitos,,,
Porta ou com LM3900,,53,7,Circuitos,,,
Porta NOR (uA3301),,82,7,Circuitos,,,
Porta óptica AND (TIL78),,92,7,Circuitos,,,
Pré-amplificador com FET (BF245),,78,7,Circuitos,,,
Pré p/ captador telefônico (BC54B),,22,7,Circuitos,,,
(BC548/558),,130,7,Circuitos,,,
Rádio a cristal (BC548),,115,7,Circuitos,,,
Receptor infravermelho (BC548/558),,38,7,Circuitos,,,
Referência de 5V (741),,57,7,Circuitos,,,
"Referência de 1,2V (LM385)",,85,7,Circuitos,,,
Reforçador AM/OC (BF245),,79,7,Circuitos,,,
Regulador 5V/4A (LM3900),,84,7,Circuitos,,,
Relé operado por luz (MP53394),,48,7,Circuitos,,,
Reostato (TIP31),,37,7,Circuitos,,,
Schmitt Trigger CMOS,,78,7,Circuitos,,,
Schmitt Trigger transistorizado (BC548),,84,7,Circuitos,,,
Semi subtractor (7486/7408),,54,7,Circuitos,,,
Semi somador (7486/7408),,41,7,Circuitos,,,
Sensor de umidade (BC548),,116,7,Circuitos,,,
Sirene de 2 tons (4093),,36,7,Circuitos,,,
Sorteador por toque (4017),,64,7,Circuitos,,,
Telegráfo em VHF (BC494),,127,7,Circuitos,,,
Teste de zeners (741),,121,7,Circuitos,,,
Timer com SCR/TUJ,,39,7,Circuitos,,,
Timer com TUJ (UJT - (2N2646/TIC 106),,118,7,Circuitos,,,
Transmissor de infravermelho modulado (BC548/BC558),,59,7,Circuitos,,,
Transmissor de infravermelho de potên-,,,7,Circuitos,,página ilegível no índice original (OCR),
cia (BC183/TIP110),,13,7,Circuitos,,,
VCO 500 Hz/V (LM3900),,44,7,Circuitos,,,
Zener ajustável (BC548/558),,93,7,Circuitos,,,
9V fácil (1N4002),,18,7,Circuitos,,,
2x 12W amplificador,,,7,Circuitos,,página ilegível no índice original (OCR),
2x 12W amplificador ! (TDA1521),,117,7,Circuitos,,,
M,,9,7,Componentes,,,
1N746/A 9 M,,10,7,Componentes,,,
1NZA47Z/A 10 M,,12,7,Componentes,,,
IN748/AA 12 M,,12,7,Componentes,,,
INTAV/A 12 M,,12,7,Componentes,,,
VEJA IV,,,7,Componentes,,página ilegível no índice original (OCR),
NTS2/A -,,9,7,Componentes,,,
NTSS/A -,,12,7,Componentes,,,
11198,,,7,Componentes,,página ilegível no índice original (OCR),
13659,,,7,Componentes,,página ilegível no índice original (OCR),
454044,,,7,Componentes,,página ilegível no índice original (OCR),
1718,,,7,Componentes,,página ilegível no índice original (OCR),
13019,,,7,Componentes,,página ilegível no índice original (OCR),
13822,,,7,Componentes,,página ilegível no índice original (OCR),
15070,,,7,Componentes,,página ilegível no índice original (OCR),
15914,,,7,Componentes,,página ilegível no índice original (OCR),
VI 132A,,,7,Componentes,,página ilegível no índice original (OCR),
507 3A,,,7,Componentes,,página ilegível no índice original (OCR),
281,,,7,Componentes,,página ilegível no índice original (OCR),
1480,,,7,Componentes,,página ilegível no índice original (OCR),
1481,,,7,Componentes,,página ilegível no índice original (OCR),
1482,,,7,Componentes,,página ilegível no índice original (OCR),
1483,,,7,Componentes,,página ilegível no índice original (OCR),
1484,,,7,Componentes,,página ilegível no índice original (OCR),
AT81,,,7,Componentes,,página ilegível no índice original (OCR),
TB2,,,7,Componentes,,página ilegível no índice original (OCR),
AT83,,,7,Componentes,,página ilegível no índice original (OCR),
5284,,,7,Componentes,,página ilegível no índice original (OCR),
2368,,,7,Componentes,,página ilegível no índice original (OCR),
2369,,,7,Componentes,,página ilegível no índice original (OCR),
2639,,,7,Componentes,,página ilegível no índice original (OCR),
2640,,,7,Componentes,,página ilegível no índice original (OCR),
Y58,,,7,Componentes,,página ilegível no índice original (OCR),
234,,,7,Componentes,,página ilegível no índice original (OCR),
235,,,7,Componentes,,página ilegível no índice original (OCR),
2236 -,,83,7,Componentes,,,
237 -,,18,7,Componentes,,,
3238 -,,20,7,Componentes,,,
263 -,,25,7,Componentes,,,
435 -,,18,7,Componentes,,,
2436 -,,20,7,Componentes,,,
DV93 -,,78,7,Componentes,,,
245 -,,24,7,Componentes,,,
960 -,,48,7,Componentes,,,
980 -,,48,7,Componentes,,,
-Q42 -,,63,7,Componentes,,,
Q43 -,,64,7,Componentes,,,
"""R29 -",,72,7,Componentes,,,
2Y39P -,,65,7,Componentes,,,
3889 -,,119,7,Componentes,,,
106D -,,87,7,Componentes,,,
DX 13 -,,44,7,Componentes,,,
2X33 -,,37,7,Componentes,,,
SIHCTOM -,,115,7,Componentes,,,
SIHCT20 -,,76,7,Componentes,,,
F440 -,,131,7,Componentes,,,
F441 -132,,,7,Componentes,,página ilegível no índice original (OCR),
4150/250/350 -,,136,7,Componentes,,,
JM 1P -,,48,7,Componentes,,,
52P -,,52,7,Componentes,,,
56P -,,53,7,Componentes,,,
57P -,,52,7,Componentes,,,
BS4991 -,,23,7,Componentes,,,
CR406 -,,21,7,Componentes,,,
0C3011 -,,109,7,Componentes,,,
OC3020 -,,109,7,Componentes,,,
PSAOS/MPSAOS -,,26,7,Componentes,,,
PSAIS/MPSA 4 -,,68,7,Componentes,,,
MUSD4ISA Lo,,,7,Componentes,,página ilegível no índice original (OCR),
NE-2-104,,,7,Componentes,,página ilegível no índice original (OCR),
NE-2H -,,103,7,Componentes,,,
NE-51H -,,102,7,Componentes,,,
PD100/101 -,,55,7,Componentes,,,
PD190/191 -,,75,7,Componentes,,,
PD200/201 -,,74,7,Componentes,,,
PD290/291 -,,75,7,Componentes,,,
PD500 -,,66,7,Componentes,,,
PD507 -,,72,7,Componentes,,,
SKE1 -,,82,7,Componentes,,,
TDA1515B -,,57,7,Componentes,,,
TDA15160 -,,13,7,Componentes,,,
TDA1517 -,,77,7,Componentes,,,
TDA7050 -,,32,7,Componentes,,,
TIL78 -,,36,7,Componentes,,,
TIL81 -,,61,7,Componentes,,,
TIL99 -,,61,7,Componentes,,,
TIL100 -,,59,7,Componentes,,,
TIL209 -,,37,7,Componentes,,,
"TIL220, 2205, 221 -",,32,7,Componentes,,,
"TIL212, 216, 232 -",,36,7,Componentes,,,
TIL312 -,,22,7,Componentes,,,
TIL412 -,,63,7,Componentes,,,
"TIL302, 302A -",,19,7,Componentes,,,
TIP130/131/132 -,,15,7,Componentes,,,
TIP135/136/137 -,,16,7,Componentes,,,
TIP600/601/602 -,,28,7,Componentes,,,
TIP760 -,,101,7,Componentes,,,
TIP761 -,,85,7,Componentes,,,
TIP2955 -,,99,7,Componentes,,,
TMS2732A -,,55,7,Componentes,,,
TMS2764 -,,79,7,Componentes,,,
555 -,,123,7,Componentes,,,
4020 -,,48,7,Componentes,,,
4040 -,,54,7,Componentes,,,
4050 -,,58,7,Componentes,,,
4066,,53,7,Componentes,,,
4068,,45,7,Componentes,,,
4078,,54,7,Componentes,,,
74151,,42,7,Componentes,,,
74164,,47,7,Componentes,,,
74190,,35,7,Componentes,,,
74191,,45,7,Componentes,,,
Amplificador logarítimico,,64,7,Fórmulas,,,
Capacitoresas sociações especiais,,1,7,Fórmulas,,,
Conversor tensão-corrente,,133,7,Fórmulas,,,
Filtro passa-altas 12 dB/oitava,,141,7,Fórmulas,,,
Filtro passa-altas 18 dB/oitava,,142,7,Fórmulas,,,
Filtro passa-altas 24 dB/oitava,,141,7,Fórmulas,,,
Filtro passa-baixas 18 dB/oitava,,142,7,Fórmulas,,,
Filtro passa-baixas 24 dB/oitava,,140,7,Fórmulas,,,
Ecc81,,14,7,Válvulas,,,
EL84,,28,7,Válvulas,,,
EL86,,29,7,Válvulas,,,
PLa3,,34,7,Válvulas,,,
6C4,,30,7,Válvulas,,,
B10,,133,7,Válvulas,,,
Acopladores de antena,,41,7,Tabelas e Códigos,,,
Acoplamento de antena telescópica,,56,7,Tabelas e Códigos,,,
Bandas de energia,,38,7,Tabelas e Códigos,,,
Capacitores de poliéster,,138,7,Tabelas e Códigos,,,
Capacitores de poliéster nugget,,137,7,Tabelas e Códigos,,,
Características de Seguidores de tensão,,,7,Tabelas e Códigos,,página ilegível no índice original (OCR),
tensão,,106,7,Tabelas e Códigos,,,
Código de capacitores de mica,,114,7,Tabelas e Códigos,,,
Código de capacitores de tântalo Thomson,,,7,Tabelas e Códigos,,página ilegível no índice original (OCR),
Código de capacitores tubulares cerâmicos,,112,7,Tabelas e Códigos,,,
Código de coeficientes de temperatura,,66,7,Tabelas e Códigos,,,
Código de tolerâncias p/ capacitores,,98,7,Tabelas e Códigos,,,
Código de emissões,,39,7,Tabelas e Códigos,,,
Código de 3 pontos para capacitores antigos,,96,7,Tabelas e Códigos,,,
Código de 5 pontos para capacitores antigos,,81,7,Tabelas e Códigos,,,
Conteúdos harmônicos dos instrumentos musicais,,116,7,Tabelas e Códigos,,,
Darlingtons Texas,,139,7,Tabelas e Códigos,,,
. Energia de escape de metais alcalinos,,43,7,Tabelas e Códigos,,,
Equivalência de transistores japoneses,,52,7,Tabelas e Códigos,,,
Equivalência industrial x EIA para capacitores,,132,7,Tabelas e Códigos,,,
Fatores de conversão de unidades de radiância,,50,7,Tabelas e Códigos,,,
Modos de disparo de um triac,,114,7,Tabelas e Códigos,,,
RAM bipolares Texas,,133,7,Tabelas e Códigos,,,
Símbolos p/ instalação de antenas,,31,7,Tabelas e Códigos,,,
Tomadas DIN,,108,7,Tabelas e Códigos,,,
Equivalência de transistores,,,7,Tabelas e Códigos,,página ilegível no índice original (OCR),
japoneses,,52,7,Tabelas e Códigos,,,
Equivalência industrial x EIA,,,7,Tabelas e Códigos,,página ilegível no índice original (OCR),
capacitores,,132,7,Tabelas e Códigos,,,
Fatores de conversão de unidades,,,7,Tabelas e Códigos,,página ilegível no índice original (OCR),
de radiância -,,50,7,Tabelas e Códigos,,,
Modos de disparo de um triac,,114,7,Tabelas e Códigos,,,
RAM bipolares Texas,,133,7,Tabelas e Códigos,,,
Símbolos p/ instalação de antenas,,31,7,Tabelas e Códigos,,,
Tomadas DIN -,,108,7,Tabelas e Códigos,,,
Unidades espectrais,,40,7,Tabelas e Códigos,,,
Unidades ópticas de emitância,,43,7,Tabelas e Códigos,,,
Unidades ópticas de fluxo,,42,7,Tabelas e Códigos,,,
Unidades ópticas de intensidade,,49,7,Tabelas e Códigos,,,
Unidades ópticas de radiância e luminância,,50,7,Tabelas e Códigos,,,
VDRs Thomson,,110,7,Tabelas e Códigos,,,
Prova de leds,,21,7,Tabelas e Códigos,,,
Separadores de placas,,22,7,Tabelas e Códigos,,,
Sintonizando uma antena,,117,7,Tabelas e Códigos,,,
Verificando a ressonância de uma antena,,112,7,Tabelas e Códigos,,,
DIVERSOS,,,7,Tabelas e Códigos,,página ilegível no índice original (OCR),
Ajuste de offset para amplificadores inversores,,140,7,Tabelas e Códigos,,,
Ajuste de offset para seguidor de tensão,,125,7,Tabelas e Códigos,,,
Características de emissão de,,105,7,Tabelas e Códigos,,,
Características de um varistor,,105,7,Tabelas e Códigos,,,
Circuito equivalente a base comum,,120,7,Tabelas e Códigos,,,
Circuito equivalente coletor comum,,113,7,Tabelas e Códigos,,,
Comparador de tensão,,131,7,Tabelas e Códigos,,,
Comprimento do tiolo dobrado,,30,7,Tabelas e Códigos,,,
Conversão de flip-fop RS em D,,116,7,Tabelas e Códigos,,,
Conversão de flip-flop RS em JK,,122,7,Tabelas e Códigos,,,
Conversor correnteftensão,,132,7,Tabelas e Códigos,,,
Diferenciador operacional,,79,7,Tabelas e Códigos,,,
Disparador Schmitt operacional,,73,7,Tabelas e Códigos,,,
Fator Q-51,,1,7,Tabelas e Códigos,,,
Filtro passa-faixa,,131,7,Tabelas e Códigos,,,
Filtro passa baixas de 12 dB/oitava,,128,7,Tabelas e Códigos,,,
Filtro para 2 alto-falantes,,74,7,Tabelas e Códigos,,,
Filtro para 3 alto-falantes,,70,7,Tabelas e Códigos,,,
Flip-flop RS com porta Não-E,,122,7,Tabelas e Códigos,,,
Filtro para 3 alto-falantes,,70,7,Tabelas e Códigos,,,
Flip-flop RS com porta Não-E,,122,7,Tabelas e Códigos,,,
Flip-flop RS com porta Não-OU,,136,7,Tabelas e Códigos,,,
Fontes básicas (,,,7,Tabelas e Códigos,,página ilegível no índice original (OCR),
Fonte referência operacional,,127,7,Tabelas e Códigos,,,
3 inversores,,136,7,Tabelas e Códigos,,,
Ganho em dB,,49,7,Tabelas e Códigos,,,
Índice de modulação FM,,51,7,Tabelas e Códigos,,,
Indutância de fio reto,,39,7,Tabelas e Códigos,,,
Impedância de alto-falantes,,118,7,Tabelas e Códigos,,,
Impedância do seguidor de tensão (entrada),,134,7,Tabelas e Códigos,,,
Impedância do seguidor de tensão (saída),,134,7,Tabelas e Códigos,,,
Impedância RC (,,,7,Tabelas e Códigos,,página ilegível no índice original (OCR),
Impedância RC (Il),,120,7,Tabelas e Códigos,,,
Integrador operacional,,68,7,Tabelas e Códigos,,,
Jústico exclusivo de 2 entradas,,138,7,Tabelas e Códigos,,,
Jústico exclusivo de 3 entradas,,115,7,Tabelas e Códigos,,,
Scilador operacional (,,,7,Tabelas e Códigos,,página ilegível no índice original (OCR),
Scilador operacional (RC),,67,7,Tabelas e Códigos,,,
Scilador senoidal operacional,,69,7,Tabelas e Códigos,,,
Scilador operacional,,129,7,Tabelas e Códigos,,,
Scilador operacional de impulsos,,139,7,Tabelas e Códigos,,,
Filtro baixas operacional,,121,7,Tabelas e Códigos,,,
Porta AND CMOS circuito equivalente,,119,7,Tabelas e Códigos,,,
Porta NOR CMOS circuito equivalente,,117,7,Tabelas e Códigos,,,
Regulador operacional,,71,7,Tabelas e Códigos,,,
Sensibilidade & emissão de luz,,35,7,Tabelas e Códigos,,,
BS curva característica,,124,7,Tabelas e Códigos,,,
Imulador de porta E,,135,7,Tabelas e Códigos,,,
Imulador de porta Não-OU,,135,7,Tabelas e Códigos,,,
Imulador de porta Não-E (NAND),,110,7,Tabelas e Códigos,,,
imulador de porta Não-OU,,135,7,Tabelas e Códigos,,,
imulador de porta Não-E (NAND),,110,7,Tabelas e Códigos,,,
imulador de porta OU,,123,7,Tabelas e Códigos,,,
imufador de inversor,,134,7,Tabelas e Códigos,,,
US curva característica,,124,7,Tabelas e Códigos,,,
