Artigo:,Autor:,Página,Edição:,Categoria:,Componentes:,Notas:,Data:
Para você não ter problemas com nossas montagens,,3,1,,,,Jul/1988
Superouvido,Newton C. Braga,4,1,,,,Jul/1988
Transmissor de FM com efeito de voz,Newton C. Braga,10,1,,,,Jul/1988
Os prismas de cristal,,12,1,,,,Jul/1988
Reparação de aparelhos transistorizados,,13,1,,,,Jul/1988
Módulo amplificador de 15W para o carro,Newton C. Braga,16,1,,,,Jul/1988
Controle eletrônico para ferramentas,Newton C. Braga,19,1,,,,Jul/1988
Convesor tensão frequência,Newton C. Braga,22,1,,,,Jul/1988
Doação de revistas,,24,1,,,,Jul/1988
Bomba de água automática,Newton C. Braga,25,1,,,,Jul/1988
Limpeza de placas e peças,,27,1,,,,Jul/1988
"Fonte fixa de 12/12,6/13,6V x 10A",,28,1,,,,Jul/1988
Sintonizando ondas curtas,Valter José Gomes Aguiar,35,1,,,,Jul/1988
Capacímetro para eletrolíticos,,36,1,,,,Jul/1988
Interruptor remoto seguro,,38,1,,,,Jul/1988
Medidor químico de transparência,,42,1,,,,Jul/1988
Pilhas,,44,1,,,,Jul/1988
Os semicondutores,Newton C. Braga,45,1,,,,Jul/1988
Fios blindados,,50,1,,,,Jul/1988
Fios esmaltados para suas experiências,,51,1,,,,Jul/1988
Construa um capacitor,,53,1,,,,Jul/1988
Infravermelho,,55,1,,,,Jul/1988
Rádio AM de 2 transistores,,56,1,,,,Jul/1988
Pisca-Pisca,,57,1,,,,Jul/1988
Mixer,,58,1,,,,Jul/1988
Redutor eletroquímico,,59,1,,,,Jul/1988
Pombos magnéticos,,60,1,,,,Jul/1988
Enciclopédia Eletrõnica Total (ficahs de no 1 a 3),,61,1,,,,Jul/1988
Alerta – Alarme de aproximação,,3,2,,,,1988
Cromeação simples,,8,2,,,,1988
Antenas de ferrite,,10,2,,,,1988
Tipos de fios,,11,2,,,,1988
Polaridade,,11,2,,,,1988
Transmissor de AM,,12,2,,,,1988
Válvulas,,15,2,,,,1988
Difusor Panorâmico,,16,2,,,,1988
Risada eletrônica,,19,2,,,,1988
A Bobina de ignição,,22,2,,,,1988
Sistema sequencial de efeito de luz,,23,2,,,,1988
Inversor para lâmpadas fluorescentes,,27,2,,,,1988
A primeira pilha,,28,2,,,,1988
Sintonizando ondas curtas,,29,2,,,,1988
Dos 100kHz aos 500kHz,,30,2,,,,1988
Controle de temperatura para aquérios,,35,2,,,,1988
Cristais líquidos,,37,2,,,,1988
Piezoeletricidade,,37,2,,,,1988
Etapa Darlington de amplificação,,38,2,,,,1988
O Univac,,39,2,,,,1988
Milivoltímetro,,40,2,,,,1988
O Marca-passo cardíaco,,42,2,,,,1988
Cargas estáticas,,43,2,,,,1988
Ressonância,,44,2,,,,1988
Recuperação de rádios antigos,,45,2,,,,1988
Microalarme,,50,2,,,,1988
Experiência de conversão de energia,,52,2,,,,1988
Provador de transistores NPN e PNP,,55,2,,,,1988
Teste de fuga para capacitores,,57,2,,,,1988
Anemômetro simples,,57,2,,,,1988
Interruptor sonoro,,58,2,,,,1988
Sensi-led,,60,2,,,,1988
Enciclopédia Eletrõnica Total (ficahs de no 4 a 7),,61,2,,,,1988
Estação de FM pirata,,3,3,,,,1988
Terra,,8,3,,,,1988
Como usar placas de circuito impresso universais,,9,3,,,,1988
Gaiola de Faraday,,12,3,,,,1988
"Trêmulo para violão, guitarra e aparelhos de som",,13,3,,,,1988
Velocidade dos elétrons,,16,3,,,,1988
Amplificador de 8W com TDA2002,,18,3,,,,1988
Som remoto sem fio para o MSX,,21,3,,,,1988
Ferrites,,23,3,,,,1988
Conheça os amplificadores operacionais,,24,3,,,,1988
Sintonizando ondas curtas – BFO para ouvir SSB,,29,3,,,,1988
50 anos do serviço brasileiro da BBC,,36,3,,,,1988
Infravermelho,,37,3,,,,1988
Vela eletrônica,,38,3,,,,1988
resistores,,41,3,,,,1988
Termômetro eletrônico de leitura remota,,42,3,,,,1988
imãs,,44,3,,,,1988
Interruptor crepuscular,,45,3,,,,1988
Peixes que sentem a eletricidade,,47,3,,,,1988
Controle de motores DC,,48,3,,,,1988
Correio do leitor,,50,3,,,,1988
Oscilador solar,,52,3,,,,1988
Supercondutores,,54,3,,,,1988
Que transistor usar?,,55,3,,,,1988
Satélites de Júpiter,,56,3,,,,1988
Miniprojetos: miniluz rítmica,,57,3,,,,1988
Busca pólo neon,,58,3,,,,1988
Bomba relógio,,59,3,,,,1988
Alarme com relé,,60,3,,,,1988
Enciclopédia Eletrônica Total (fichas de no 8 a 11),,61,3,,,,1988
VHF de bolso,,3,4,,,,1988
Por que tomamos choques?,,6,4,,,,1988
Uá-uá para guitarra,,7,4,,,,1988
Controle remoto sonico,,10,4,,,,1988
Sintonizando ondas curtas – Antena de quadro com reforçador para ondas curtas,,14,4,,,,1988
O que você deve saber sobre alto-falantes,,17,4,,,,1988
Testes e verificações em transformadores,,21,4,,,,1988
Verificando a operação de osciladores,,24,4,,,,1988
Sensíveis detectores de eletricidade estática,,25,4,,,,1988
Efeitos eletrônicos para modelismo,,34,4,,,,1988
Controlador de tempo,,38,4,,,,1988
Polarização,,40,4,,,,1988
Fator Q,,40,4,,,,1988
Fonte simétrica para operacionais,,41,4,,,,1988
Amplificador de prova,,43,4,,,,1988
Provando LEDs,,45,4,,,,1988
Supertransmissores e os riscos que representam,,46,4,,,,1988
Sinalizador de potência,,47,4,,,,1988
Emissor de alerta em FM,,49,4,,,,1988
Correio do leitor,,52,4,,,,1988
Sirene para bicicleta,,53,4,,,,1988
Condutores e isolantes,,56,4,,,,1988
Eletrotropismo,,56,4,,,,1988
Miniprojetos – Interruptor eletrônico,,57,4,,,,1988
Microrádio,,58,4,,,,1988
Condutímetro,,59,4,,,,1988
"Fonte de 1,2 a 1,4V",,60,4,,,,1988
"Enciclopédia Eletrônica (fichas no, 12 a 15)",,61,4,,,,1988
Interfone,,3,5,,,,1988
Alarme econômico para o lar,,8,5,,,,1988
Carregator de bateria com corrente ajustável,,12,5,,,,1988
Dado eletrônico,,15,5,,,,1988
O Que é uma antena?,,17,5,,,,1988
Campos de força,,17,5,,,,1988
Fotocontrole remoto,,18,5,,,,1988
Fluorescente a pilhas,,21,5,,,,1988
Tensão de isolamento,,23,5,,,,1988
Grilo eletrônico,,24,5,,,,1988
Biônica,,26,5,,,,1988
Radiotimer,,27,5,,,,1988
Os microfones de eletreto,,29,5,,,,1988
Fonte de 0-15V x 1A,,36,5,,,,1988
Diretividade de uma antena,,38,5,,,,1988
Sintonizando ondas curtas – Filtro para escuta de OC,,39,5,,,,1988
Novidades nas ondas curtas,,40,5,,,,1988
Terminais de transistores,,41,5,,,,1988
Fuga perigosa,,42,5,,,,1988
Retransmissor de AM,,45,5,,,,1988
Controle de velocidade para autoramas e trens elétricos,,48,5,,,,1988
Correio do leitor,,50,5,,,,1988
Amplificador auxiliar de 3W,,52,5,,,,1988
Intermitente eletromecânico,,55,5,,,,1988
Miniprojetos: Detector de umidade,,57,5,,,,1988
Controle remoto com lanterna,,58,5,,,,1988
Miniled rítimico,,59,5,,,,1988
Medidor de intensidade de campo,,60,5,,,,1988
Enciclopédia eletrônica total (fichas de no 16 a 19),,61,5,,,,1988
Alarme sem fio via rede,,3,6,,,,1988
Transmissor FET de ondas curtas,,10,6,,,,1988
Raios X – infravermelhos – ultravioletas e cósmicos,,13,6,,,,1988
Sirene francesa de alta potência,,18,6,,,,1988
Cores,,19,6,,,,1988
Pedal PLL para guitarra,,20,6,,,,1988
Ressonância,,22,6,,,,1988
Telégrafo sem fio via terra,,23,6,,,,1988
Conheça o 4011,,26,6,,,,1988
Você sabe escolher SCRs?,,30,6,,,,1988
Infra-sons,,30,6,,,,1988
Sintonizando ondas curtas – Pré-seletor de OC,,36,6,,,,1988
Corpos negros,,37,6,,,,1988
Pontes de terminais,,37,6,,,,1988
Estroborrítmica,,38,6,,,,1988
Ruídos e interferências,,40,6,,,,1988
Desarme a bomba,,41,6,,,,1988
Amplificador de guitarra,,45,6,,,,1988
Pulsador de sinalização,,48,6,,,,1988
Protetor de projetos,,50,6,,,,1988
Fusíveis,,51,6,,,,1988
Radiotelescópios,,51,6,,,,1988
Correio do leitor,,52,6,,,,1988
Gatilho rápido,,53,6,,,,1988
Detectores de metais,,55,6,,,,1988
Absorção de energia,,56,6,,,,1988
Miniprojetos: Luz de emergência,,57,6,,,,1988
Antifurto para o lar,,58,6,,,,1988
Fone com alto-falante,,59,6,,,,1988
Farejador de RF,,60,6,,,,1988
Enciclopédia Eletrônica Total (fichas de no 20 a 23),,61,6,,,,1988
Ouvido ultra-sonico,,3,7,,,,1989
Os ultra-sons,,8,7,,,,1989
Potente transmissor de FM,,12,7,,,,1989
A energia solar,,14,7,,,,1989
VU luminoso gigante,,15,7,,,,1989
Controle sônico,,18,7,,,,1989
Chave magnética sensível,,22,7,,,,1989
Luz de toque temporizada,,25,7,,,,1989
Sintonizando ondas curtas – Emissoras de sinal horário,,27,7,,,,1989
A cor dos LEDs,,28,7,,,,1989
Potente emissor ultra-sônico,,29,7,,,,1989
Agitação térmica,,30,7,,,,1989
Detector de armas,,36,7,,,,1989
O Elétron,,38,7,,,,1989
Mata baratas,,39,7,,,,1989
A lua como relfetor,,41,7,,,,1989
Condutores elétricos e térmicos,,41,7,,,,1989
Correio do leitor,,42,7,,,,1989
O primeiro computador,,44,7,,,,1989
Rádio AM para principiantes,,46,7,,,,1989
Júpiter e ondas de rádio,,48,7,,,,1989
Interruptor incrementado,,49,7,,,,1989
Por que as lâmpadas queimam?,,50,7,,,,1989
Movimento magnético,,51,7,,,,1989
Fone Experimental,,53,7,,,,1989
Conversão de energia,,56,7,,,,1989
Miniprojetos – Divisor para dois alto-falantes,,57,7,,,,1989
Microbuzzer,,57,7,,,,1989
Indicador remoto de posição,,58,7,,,,1989
Fotomotor,,60,7,,,,1989
Enciclopédia Eletrônica (fichas no 24 a 27),,61,7,,,,1989
Biossonda,,3,8,,,,1989
Som no vácuo,,6,8,,,,1989
Central de semáforos,,7,8,,,,1989
Emissor modulado de superagudos,,12,8,,,,1989
Os SCRs,,14,8,,,,1989
Voz de computador,,21,8,,,,1989
Jogo da batata quente,,23,8,,,,1989
Os peixes elétricos,,26,8,,,,1989
Correios do leitor,,28,8,,,,1989
Pássaros nos fios,,30,8,,,,1989
Sintonizando ondas curtas – Emissoras de sinal horário 2,,32,8,,,,1989
Efeito pseudo-sequencial de luz,,35,8,,,,1989
O resistor,,37,8,,,,1989
Porteiro eletrônico,,38,8,,,,1989
Como usar matrizes de contato,,41,8,,,,1989
Equalizador para o carro com VU de LEDs,,46,8,,,,1989
Magnetojetor,,49,8,,,,1989
Pilha solar experimental,,53,8,,,,1989
Fluorescente para bancada,,54,8,,,,1989
Eletricidade estática nos museus,,56,8,,,,1989
Miniprojetos – Telefone de brinquedo,,57,8,,,,1989
Pré-amplificador de áudio,,58,8,,,,1989
Dínamo experimental,,59,8,,,,1989
O alto-falante,,60,8,,,,1989
Enciclopédia eletrônica Total (fichas de nos 28 a 31),,61,8,,,,1989
Sequencial de 4 canais com velocidade automática,,3,9,,,,1989
Motor de rotor líquido,,8,9,,,,1989
Raios X,,11,9,,,,1989
Central de trabalhos em matriz de contatos,,12,9,,,,1989
Pilhas na antiga Babilônia,,15,9,,,,1989
Sintonizando ondas curtas – Como ouvir ondas curtas,,16,9,,,,1989
Ímãs naturais,,18,9,,,,1989
Injetor de sinais CMOS,,19,9,,,,1989
Correios do leitor,,22,9,,,,1989
Sinais telegráficos e código Morse,,24,9,,,,1989
Biestável de toque,,27,9,,,,1989
Testador de transistores,,29,9,,,,1989
Controle remoto via MSX,,34,9,,,,1989
Transmissor telegráfico de OC,,39,9,,,,1989
Pulsador luminoso,,44,9,,,,1989
Interruptor de toque biestável,,46,9,,,,1989
Booster para guitarra com pedal ritmo/solo,,49,9,,,,1989
Rítimica fácil,,51,9,,,,1989
Versão sonora do Nervo-teste,,54,9,,,,1989
Miniprojetos – Intercomunicador secreto,,56,9,,,,1989
Timer com SCR,,57,9,,,,1989
Alarme de vibração,,58,9,,,,1989
Fonte regulada de 6 ou 12V,,60,9,,,,1989
Enciclopédia Eletrônica (fichas de no 32 a 35),,61,9,,,,1989
Rádio de 5 transistores,,3,10,,,,1989
Como funcionam os buzzers cerâmicos,,6,10,,,,1989
Correio do leitor,,10,10,,,,1989
Transmitindo a voz através da terra,,11,10,,,,1989
Rádio de galena,,16,10,,,,1989
Sintonizando ondas curtas – A Rádio Nacional do Brasil,,20,10,,,,1989
Temporizador transistorizado,,22,10,,,,1989
Caixa de efeitos sonoros,,24,10,,,,1989
Divisores de frequência,,27,10,,,,1989
Digigame,,36,10,,,,1989
Quatro circuitos para saber como funciona um transistor,,39,10,,,,1989
Miniprojetos – Gerador solar,,45,10,,,,1989
Fonte sem transformador,,45,10,,,,1989
Micrometrônomo,,46,10,,,,1989
Microtransmissor de FM,,47,10,,,,1989
Caderno de Ciências: A garrafa Azul,,49,10,,,,1989
Caderno de Ciências: Fotossíntese,,52,10,,,,1989
Caderno de Ciências: Quatro fotômetros para pesquisa,,56,10,,,,1989
Enciclopédia Eletrônica (fichas de no 36 a 39),,61,10,,,,1989
Projetos com caixas de redução,,3,11,,,,1989
A alta tensão,,3,11,,,,1989
Transmissor AM transistorizado,,10,11,,,,1989
Correio do leitor,,14,11,,,,1989
Oscilador de duplo T,,16,11,,,,1989
Ohmímetro linear,,20,11,,,,1989
Sintonizando ondas curtas – Transmissões para o Brasil,,22,11,,,,1989
Amplificador para o MSX,,25,11,,,,1989
Grilo eletrônico,,28,11,,,,1989
Receptor de dois transistores para energia alternativa,,40,11,,,,1989
Motor com acionamento por toque,,43,11,,,,1989
Miniprojetos: Interruptor de toque,,45,11,,,,1989
Voltímetro CA,,45,11,,,,1989
Sirene manual,,46,11,,,,1989
Controle de velocidade para motores,,47,11,,,,1989
Caderno de ciências: Motor de ar quente,,49,11,,,,1989
Salto misterioso,,50,11,,,,1989
Pequena história da teoria quântica,,51,11,,,,1989
O movimento de um tatuzinho de jardim,,52,11,,,,1989
Oxigênico atmosférico,,55,11,,,,1989
Água – solo – planta: Uma harmoniosa trilogia para a vida,,56,11,,,,1989
Controle remoto por infravermelho,,3,12,,,,1989
Sintonizando ondas curtas – O dipolo de meia onda,,9,12,,,,1989
Amplificador com o TBA820M,,12,12,,,,1989
Correio do leitor,,14,12,,,,1989
VU de LEDs – Teste de 4 níveis (2 montagens com comparadores de tensão,,15,12,,,,1989
Circuitos para teste de componentes,,20,12,,,,1989
Motor intermitente,,24,12,,,,1989
Gerador de percussão para ritmos musicais,,26,12,,,,1989
Reparação para iniciantes,,35,12,,,,1989
Miniprojetos – Meia luz,,44,12,,,,1989
Provador de sucata,,44,12,,,,1989
Máquina de choque,,45,12,,,,1989
Experiência de Ampére,,46,12,,,,1989
O pão seco e o forno de micro-ondas,,47,12,,,,1989
Hidrossensor sonoro,,48,12,,,,1989
Gerador de alta tensão,,52,12,,,,1989
O teste do amaciante,,58,12,,,,1989
O efeito fotoelétrico,,60,12,,,,1989
Enciclopédia Eletrônica (fichas de no 40 a 43),,61,12,,,,1989
Radiocontrole para caixa de redução,,3,13,,,,1989
Fontes de energia elétrica,,9,13,,,,1989
Correio do leitor,,16,13,,,,1989
Relé rítmico,,18,13,,,,1989
Máquina de fazer loucos,,22,13,,,,1989
O que fazer com um alto-falante velho?,,26,13,,,,1989
Fonte simétrica de 0 a 15V x 1A,,37,13,,,,1989
Sintonizando ondas curtas – Aumentas as faixas de ondas curtas,,44,13,,,,1989
Conhecendo a eletricidade: Ligação em série ou em paralelo?,,45,13,,,,1989
Controle de duas lâmpadas por uma chave,,45,13,,,,1989
Miniprojetos – Chaves de teclas,,47,13,,,,1989
Antifurto,,47,13,,,,1989
Zumbidor com relés,,48,13,,,,1989
Gerador eólico,,49,13,,,,1989
Aparelho para testar a condutividade de materiais,,50,13,,,,1989
Para você pensar e explicar,,52,13,,,,1989
Permeabilidade celular: “o papel celofane como modelo de membrana”,,53,13,,,,1989
Construção de um soquete,,55,13,,,,1989
Fonte de corrente constante,,56,13,,,,1989
O que é plasmólise,,60,13,,,,1989
Enciclopédia Eletrônica Total (fichas de no 44 a 47),,61,13,,,,1989
Sirene para carro,,63,13,,,,1989
Potente transmissor de FM modulado por varicap,,3,14,,,,1989
Somos elétricos,,7,14,,,,1989
Proteção simples para o lar,,10,14,,,,1989
Reparação para iniciantes – Como usar o multímetro,,14,14,,,,1989
Sintonizando ondas curtas – A história do dexismo no Brasil,,20,14,,,,1989
Dois relés de luz com o 741,,22,14,,,,1989
Correio do leitor,,25,14,,,,1989
Captador eletrônico para violão e guitarra,,28,14,,,,1989
Monitor de eventos sem fio em FM,,39,14,,,,1989
Miniprojetos – Reostato eletrônico,,43,14,,,,1989
Intercom simples,,44,14,,,,1989
Transmissor telegráfico,,45,14,,,,1989
Relógio digital com controle de toque,,46,14,,,,1989
Pheretima Hawayana: “a minhoca louca”,,47,14,,,,1989
Supercondutores,,49,14,,,,1989
Determinação da aceleração da gravidade,,50,14,,,,1989
Eletroímã em ferradura,,52,14,,,,1989
Fusão a frio,,54,14,,,,1989
Galvanômetro elementar,,55,14,,,,1989
Lentes,,58,14,,,,1989
Encilopédia Eletrônica Total (fichas de no 47 a 54),,59,14,,,,1989
Amplificador reforçador de 30 a 80W IHF,,3,15,,,,1989
Curiosidades – Porque os fios são de metal,,8,15,,,,1989
Oscilador para magnetoterapia,,10,15,,,,1989
Componentes dedicados,,13,15,,,,1989
Correio do leitor,,14,15,,,,1989
Controle reversível para motores de corrente contínua,,16,15,,,,1989
Sintonizando ondas curtas – AS faixas tropicais de ondas curtas,,20,15,,,,1989
Raios em casa,,21,15,,,,1989
Sistema sequencial satélite,,22,15,,,,1989
Transmissor de FM com controle de modulação,,27,15,,,,1989
Os diversos tipos de trasmissores,,30,15,,,,1989
Reparação para iniciantes – Como reparar fontes,,38,15,,,,1989
Estroborrítmica,,44,15,,,,1989
Oscilador TTL para telegrafia,,47,15,,,,1989
Miniprojetos: Provador de alto-falantes,,49,15,,,,1989
Explorador óptico,,49,15,,,,1989
Injetor simples,,50,15,,,,1989
Microamplificador,,51,15,,,,1989
Palito mágico,,53,15,,,,1989
Flashes: Calor sensível e calor latente,,54,15,,,,1989
Balança experimental eletrônica,,55,15,,,,1989
Motor de Heron,,58,15,,,,1989
Vidrarias e acessórios básicos de laboratório,,59,15,,,,1989
Enciclopédia Eletrônica total (fichas de n0 55 a 58),,61,15,,,,1989
Unidade mecânica de reverberação,,3,16,,,,1989
Como funcionam os LEDs,,8,16,,,,1989
Receptor de ondas longas (LF) para radiofarol NDB,,13,16,,,,1989
Polígrafo (detector de mentiras),,17,16,,,,1989
Como construir um temporizador digital até 10 horas (Parte 1),,21,16,,,,1989
Duas montagens com diodos de sucata,,27,16,,,,1989
Sintonizando ondas curtas – O Jamming,,40,16,,,,1989
Correio do leitor,,41,16,,,,1989
Aprendendo a montar um rádio,,44,16,,,,1989
Miniprojetos – Filtro contra interferências via rede,,49,16,,,,1989
Oscilador de 250 MHz,,49,16,,,,1989
Multivibrador controlado por luz,,50,16,,,,1989
O menor rádio do mundo,,51,16,,,,1989
Descarga auditiva de um capacitor,,53,16,,,,1989
Cobreação por reação de desligamento,,54,16,,,,1989
Reatância indutiva,,56,16,,,,1989
Eletrólise com transistor queimado,,57,16,,,,1989
Ilusão de óptica,,59,16,,,,1989
Flashes: Tempo: ilusão ou realidade,,60,16,,,,1989
Enciclopédia Eletrônica Total (fichas de no 59 a 62),,61,16,,,,1989
Conversor de 15 a 50 MHz,,3,17,,,,1990
Fonte para toca-fitas,,10,17,,,,1990
Como funcionam os SCRs,,12,17,,,,1990
Sensor de pressão,,17,17,,,,1990
Como contruir um temporizador digital de até 10 horas (Parte II),,20,17,,,,1990
Chama cachorro,,25,17,,,,1990
Strobo,,28,17,,,,1990
Resposta rápida,,39,17,,,,1990
Sintonizando ondas curtas – Transmissões para o Brasil,,43,17,,,,1990
Tambor eletrônico,,45,17,,,,1990
Reparação para iniciantes – Técnicas de reparação,,48,17,,,,1990
Correio do leitor,,52,17,,,,1990
Construção de um periscópio,,54,17,,,,1990
Vibrador eletrônico experimental,,56,17,,,,1990
Provador de eletrolíticos,,57,17,,,,1990
O menor alarme do mundo,,58,17,,,,1990
Oscilador solar,,59,17,,,,1990
Enciclopédia Eletrônica (fichas de no 63 a 66),,61,17,,,,1990
Gerador de raios,,3,18,,,,1990
Correio do leitor,,10,18,,,,1990
Amplificador para ajuda auditiva,,12,18,,,,1990
Como construir um temporizador digital de até 10 horas (Parte III – final),,15,18,,,,1990
Anti-espião de FM,,21,18,,,,1990
Sintonizando ondas curtas – Aprendendo idiomas através do rádio,,24,18,,,,1990
Controle para caixa de redução,,25,18,,,,1990
Luz desvanescente,,28,18,,,,1990
"Especial I – Componentes, símbolos e funções",,41,18,,,,1990
Como funcionam – Os circuitos ressonantes,,45,18,,,,1990
Características dos transistores,,51,18,,,,1990
Miniprojetos – Pisca-neon fluorescente,,53,18,,,,1990
Reforçador AM,,54,18,,,,1990
LED de tempo,,55,18,,,,1990
Buzzer potente,,56,18,,,,1990
Como montar e organizar uma coleção de plantas: Um Herbário,,57,18,,,,1990
A teoria de Einstein,,60,18,,,,1990
Enciclopédia Eletrônica Total (fichas de no 67 a 70),,61,18,,,,1990
Localizador infravermelho,,3,19,,,,1990
LEDs hipnóticos,,10,19,,,,1990
Gerador de sons programados,,12,19,,,,1990
"Especial II – Componentes, símbolos e funções",,15,19,,,,1990
Acoplamento e desacoplamento,,20,19,,,,1990
Alerta de passagem,,24,19,,,,1990
Vox,,28,19,,,,1990
Ohmímetro econômico,,40,19,,,,1990
Conheça o 4093,,41,19,,,,1990
Fechadura codificada,,49,19,,,,1990
A poluição sonora,,52,19,,,,1990
Sintonizando ondas curtas – o dexismo em ondas médias,,53,19,,,,1990
Relógio de sol,,54,19,,,,1990
Miniprojetos – Intermitente integrado,,56,19,,,,1990
Barco maluco,,57,19,,,,1990
Sintonizador AM,,59,19,,,,1990
Mixer passivo,,60,19,,,,1990
Enciclopédia eletrônica total (fichas de no 71 a 74),,61,19,,,,1990
3 transmissores: até 2km,,3,20,,,,1990
Mini pedal de efeitos,,12,20,,,,1990
Rítmica com isolamento óptico,,16,20,,,,1990
Especial III – Componentes símbolos & funções,,19,20,,,,1990
Reparação para iniciantes – Recuperação de partes e componentes,,24,20,,,,1990
Medida de consumo de equipamentos à pilhas,,27,20,,,,1990
Correio do leitor,,42,20,,,,1990
Dimmer de toque,,43,20,,,,1990
Sintonizando ondas curtas – Clubes DX no exterior,,48,20,,,,1990
SCR – Como diagnosticar problemas,,49,20,,,,1990
Miniprojetos – Provador de pilhas,,52,20,,,,1990
Pulsador,,52,20,,,,1990
Pré-amplificador de encaixe,,53,20,,,,1990
Ciências – Separação de pigmentos verdes e amarelos dos vegetais,,56,20,,,,1990
Vamos construir uma máquina fotográfica,,58,20,,,,1990
Oscilador de bloqueio,,60,20,,,,1990
Enciclopédia eletrônica Total (fichas de no 75 a 78),,61,20,,,,1990
Rádio AM de 6 transistores,,3,21,,,,1990
"Expecial IV – componentes, símbolos e funções",,8,21,,,,1990
Correio do leitor,,14,21,,,,1990
Sequencial de 4 canais,,16,21,,,,1990
Transmissor sem bobinas,,19,21,,,,1990
Curso lição 1 – Corrente e tensão elétrica – Geradores e circuitos,,26,21,,,,1990
Experiências e montagens,,35,21,,,,1990
A soldagem,,36,21,,,,1990
Dessoldando,,37,21,,,,1990
A matriz de contatos,,38,21,,,,1990
O Dip-meter,,48,21,,,,1990
Sintonizando ondas curtas – Clubes DX no exterior (Parte II),,50,21,,,,1990
2 Temporizadores,,52,21,,,,1990
Descobrindo pequenos motores,,57,21,,,,1990
Miniprojetos – Oscilador de potência integrado,,59,21,,,,1990
Proteção crowbar,,59,21,,,,1990
Interruptor sinalizado,,60,21,,,,1990
Triplicador de tensão,,61,21,,,,1990
Eliminador de fantasmas,,62,21,,,,1990
Rádio receptor de FM e VHF,,3,22,,,,1990
Teste para pequenos capacitores,,6,22,,,,1990
Correio do leitor,,10,22,,,,1990
O fator Q,,12,22,,,,1990
Sintonizando ondas curtas – Transmissões para o Brasil (Más notícias),,17,22,,,,1990
Circuito experimental de toque com o 741,,20,22,,,,1990
Curso – Lição 1 – Corrente e tensão elétrica – Geradores e circuitos,,26,22,,,,1990
"Lição 2 – Resistores, capacitores, bobinas e transformadores",,33,22,,,,1990
Experiências e montagens,,45,22,,,,1990
Terra,,47,22,,,,1990
Substituição de componentes,,48,22,,,,1990
Experiências e montagens,,51,22,,,,1990
A soldagem,,52,22,,,,1990
Dessoldando,,53,22,,,,1990
A matriz de contatos,,54,22,,,,1990
Mão firme,,58,22,,,,1990
"Especial V – Componentes, símbolos & funções",,61,22,,,,1990
Interruptor sônico,,68,22,,,,1990
Miniprojetos- Mini metralhadora,,73,22,,,,1990
Oscilador de 100MHz para pequenos transmissores,,74,22,,,,1990
Teste de pilhas,,75,22,,,,1990
Enciclopédia Eletrônica total (fichas de no 79 a 82),,77,22,,,,1990
Potente transmissor transistorizado,,3,23,,,,1990
Controle remoto por feixe de luz,,8,23,,,,1990
Curiosidades – Eletrotropismo,,10,23,,,,1990
Buzzer para rede CA,,12,23,,,,1990
Sintonizando ondas curtas – QSIs e informes de recepção,,14,23,,,,1990
Caixa acústica de dois alto-falantes,,17,23,,,,1990
Correio do leitor,,20,23,,,,1990
Redutor de 12 para 6V,,22,23,,,,1990
"Curso Lição 3 – Circuitos de tempo, indutores e capacitores em CA som e ondas de rádio",,25,23,,,,1990
Propulsão iônica,,40,23,,,,1990
Robox – Voz de robô,,45,23,,,,1990
Potência x Corrente x tensão,,48,23,,,,1990
Controle de velocidade com inércia,,50,23,,,,1990
Fonte com transistor queimado,,54,23,,,,1990
Eletricidade no nosso corpo,,56,23,,,,1990
Miniprojetos – Transmissor AM,,57,23,,,,1990
Senha magnética,,58,23,,,,1990
Chama-peixes,,59,23,,,,1990
Enciclopédia Eletrônica Total (fichas no 83 a 86,,61,23,,,,1990
Receptor regenerativo de ondas curtas,,3,24,,,,Setembro/1990
Reparação para iniciantes – Usando o multímetro,,8,24,,,,Setembro/1990
Controle eletrônico de ferramentas,,14,24,,,,Setembro/1990
Curiosidades – Sinais do espaço,,16,24,,,,Setembro/1990
Transmissor de FM com transistor PNP,,17,24,,,,Setembro/1990
Projetos com o 4093,,20,24,,,,Setembro/1990
Sintonizando Ondas curtas – QSIs e informes de reacepção (Parte II),,25,24,,,,Setembro/1990
Curso – Lição no 4 – Os semicondutores – Junções – Diodos,,27,24,,,,Setembro/1990
Materiais semicondutores,,27,24,,,,Setembro/1990
Junções PN,,28,24,,,,Setembro/1990
O diodo semicondutor,,29,24,,,,Setembro/1990
Tipos de diodos,,31,24,,,,Setembro/1990
O diodo zener,,31,24,,,,Setembro/1990
Diodos emissores de luz ou LED,,32,24,,,,Setembro/1990
Foto-diodos,,33,24,,,,Setembro/1990
Experiências e montagens,,34,24,,,,Setembro/1990
Provador de componentes,,34,24,,,,Setembro/1990
Indicador de polaridade,,35,24,,,,Setembro/1990
Luz em dois níveis,,36,24,,,,Setembro/1990
As válvulas,,37,24,,,,Setembro/1990
Detectores de metais,,38,24,,,,Setembro/1990
Correio do leitor,,45,24,,,,Setembro/1990
Choques de filtro,,46,24,,,,Setembro/1990
Como funciona a câmara de TV,,48,24,,,,Setembro/1990
Potenciômetros de volume miniaturas,,52,24,,,,Setembro/1990
Ligação de transformadores,,53,24,,,,Setembro/1990
Antenas,,54,24,,,,Setembro/1990
Micro sistema de escuta clandestina,,55,24,,,,Setembro/1990
Carga de um capacitor,,58,24,,,,Setembro/1990
Reativador de pilhas/botão,,59,24,,,,Setembro/1990
Enciclopédia Eletrônica Total (fichas de no 87 a 90),,61,24,,,,Setembro/1990
Micro-transmissor de FM em 5 versões,,3,25,,,,Outubro/1990
Trêmulo para guitarra (e outros efeitos),,10,25,,,,Outubro/1990
Acionador foto-elétrico temporizado,,13,25,,,,Outubro/1990
Sintonizando ondas curtas – Os encontros dos dexistas brasileiros,,16,25,,,,Outubro/1990
Reparação para iniciantes – Mais informações sobre o injetor de sinais,,17,25,,,,Outubro/1990
Super central de efeitos sonoros,,22,25,,,,Outubro/1990
Curso lição 5 – Fontes de alimentação e circuitos com diodos,,25,25,,,,Outubro/1990
Antenas para recepção de ondas curtas,,47,25,,,,Outubro/1990
Rádio AM de 2 transistores,,52,25,,,,Outubro/1990
Oscilador com integrado de áudio,,54,25,,,,Outubro/1990
Calidoscópio eletrônico (versão TTL),,56,25,,,,Outubro/1990
Risada eletrônica,,58,25,,,,Outubro/1990
Ciências: Medidor de concentrações de líquidos,,60,25,,,,Outubro/1990
Enciclopédia Eletrônica Total (fichas de no 91 a 94),,61,25,,,,Outubro/1990
Seleçãode efeitos de som,,3,26,,,,Novembro/1990
Relé sensível,,15,26,,,,Novembro/1990
Os circuitos integrados,,17,26,,,,Novembro/1990
Indicador de tensão,,22,26,,,,Novembro/1990
Curso lição 6 – Os transistores,,25,26,,,,Novembro/1990
Sintonizando ondas curtas – QSLs e informes de recepção (parte 3),,47,26,,,,Novembro/1990
Alarme de pressão,,49,26,,,,Novembro/1990
Base de tempo ou sinalizador visual,,52,26,,,,Novembro/1990
Correio do leitor,,56,26,,,,Novembro/1990
Amplificador TDA7050,,58,26,,,,Novembro/1990
Microfone de alta sensibilidade,,58,26,,,,Novembro/1990
Carregador de bateria,,59,26,,,,Novembro/1990
Enciclopédia Eletrônica Total (fichas de no 95 a 98),,61,26,,,,Novembro/1990
Transmissor de FM estéreo,,3,27,,,,Dezembro/1990
Câmaras de ecos integradas,,9,27,,,,Dezembro/1990
TV – Por que não existe o canal um?,,14,27,,,,Dezembro/1990
Sequencial para o carro,,16,27,,,,Dezembro/1990
Rádio AM integrado,,22,27,,,,Dezembro/1990
Curso lição 7 – Circuitos com transistores,,25,27,,,,Dezembro/1990
Sintonizando ondas curtas – QSLs e informes de recepção (conselhos finais),,49,27,,,,Dezembro/1990
Interruptor crepuscular,,51,27,,,,Dezembro/1990
Correio do leitor,,54,27,,,,Dezembro/1990
Vibrador eletro-mecânico,,56,27,,,,Dezembro/1990
Provador de transistores ultra-simples,,58,27,,,,Dezembro/1990
Provador Darlington,,60,27,,,,Dezembro/1990
Enciclopédia Eletrônica Total (fichas de no 99 a 102),,61,27,,,,Dezembro/1990
Simulador de reverberação,,3,28,,,,Janeiro/1991
Sinalizador neon,,9,28,,,,Janeiro/1991
Micro transmissor UHF,,10,28,,,,Janeiro/1991
Como funcionam as lâmpadas de luz fria,,14,28,,,,Janeiro/1991
Alarme fotoelétrico residencial,,20,28,,,,Janeiro/1991
Campainha magnética secreta,,23,28,,,,Janeiro/1991
Curso Lição 8 – Osciladores,,25,28,,,,Janeiro/1991
Fonte com estabilizador de voltagem,,48,28,,,,Janeiro/1991
Acionamento magnético temporizado,,52,28,,,,Janeiro/1991
Sintonizando ondas curtas – Transmissões para o Brasil,,56,28,,,,Janeiro/1991
Correio do leitor,,59,28,,,,Janeiro/1991
Enciclopédia Eletrônica Total (fichas de no 103 a 106),,61,28,,,,Janeiro/1991
Micro-amplificador de múltiplas utilidades,,3,29,,,,Fevereiro/1991
Guia do iniciante,,10,29,,,,Fevereiro/1991
Sintonizando ondas curtas – 60 anos de Rádio Vaticano,,22,29,,,,Fevereiro/1991
Correio do leitor,,24,29,,,,Fevereiro/1991
Curso Lição 9 – Os amplificadores,,25,29,,,,Fevereiro/1991
Rádio controle simplificado,,50,29,,,,Fevereiro/1991
Micro transmissor de FM com buzzer,,54,29,,,,Fevereiro/1991
Sensor de pressão,,55,29,,,,Fevereiro/1991
Áudio frequencia e rádio frequência,,57,29,,,,Fevereiro/1991
Roleta simples,,59,29,,,,Fevereiro/1991
Pré-amplificador com FET,,60,29,,,,Fevereiro/1991
Escuta por indução,,61,29,,,,Fevereiro/1991
LED rítmico,,62,29,,,,Fevereiro/1991
Oscilador controlado por luz,,63,29,,,,Fevereiro/1991
Oscilador UJT para buzzer,,64,29,,,,Fevereiro/1991
Mini inversor,,65,29,,,,Fevereiro/1991
(Ideia prática) Com obter 12V de um transformador de 6+6 V,,66,29,,,,Fevereiro/1991
Valores comerciais de resistores,,67,29,,,,Fevereiro/1991
Valores de componentes,,68,29,,,,Fevereiro/1991
Enciclopédia Eletrônica Total (fichas de no 107 a 110),,69,29,,,,Fevereiro/1991
Receptor de 15 a 40MHz,,3,30,,,,Março/1991
Como funciona o gravador de fita,,8,30,,,,Março/1991
Medições em motores de CC e caixa de redução,,12,30,,,,Março/1991
Correio do leitor,,16,30,,,,Março/1991
Alarme para o lar,,18,30,,,,Março/1991
Provador de capacitores de 1nF a 1uF,,20,30,,,,Março/1991
Injetor unijunção,,22,30,,,,Março/1991
Mini oscilador Hartley,,23,30,,,,Março/1991
Eletro-imã,,24,30,,,,Março/1991
Curso lição 10 – Transistores Unijunção e de efeito de campo,,25,30,,,,Março/1991
Biestável de toque,,46,30,,,,Março/1991
Transmissor de UHF,,53,30,,,,Março/1991
Pré-seletor de ondas curtas,,55,30,,,,Março/1991
Reparação para iniciantes – Testando osciladores,,57,30,,,,Março/1991
Enciclopédia Eletrônica Total (fichas de no 111 a 114),,61,30,,,,Março/1991
Microfone parabólico seletivo,,3,31,,,,Abril/1991
Deck com fonte para toca-fitas,,8,31,,,,Abril/1991
Strobo-fluorescente de 6 a 12V,,12,31,,,,Abril/1991
Como dimensionar fusíveis,,15,31,,,,Abril/1991
Correio do leitor,,20,31,,,,Abril/1991
Sintonizando Ondas curtas – QSIs e informes de reacepção (Parte II),,21,31,,,,Abril/1991
Curso prático de eletrônica – Lição 11 SCRs e TRIACs,,25,31,,,,Abril/1991
Reparação para iniciantes: Carregadores de bateria,,45,31,,,,Abril/1991
Registrador de eventos,,49,31,,,,Abril/1991
Valores de componentes – Tolerâncias e Equivalências,,52,31,,,,Abril/1991
Ritmador para corrida e ginástica,,55,31,,,,Abril/1991
Simples voltímetro de 0 – 6V,,57,31,,,,Abril/1991
Redutor para motores,,58,31,,,,Abril/1991
Neon com pilha,,59,31,,,,Abril/1991
Oscilador de ondas curtas (3 a 20MHz),,60,31,,,,Abril/1991
Enciclopédia Eletrônica Total (Fichas de no 115 a 118),,61,31,,,,Abril/1991
Antena direcional ativa para ondas curtas,,3,32,,,,Maio/1991
Aumentando a sensibilidade dos relés,,8,32,,,,Maio/1991
Como funciona: O controle remoto de TV e vídeo,,12,32,,,,Maio/1991
Projetos para conhecer o 7414,,16,32,,,,Maio/1991
Transmissor de ondas curtas,,21,32,,,,Maio/1991
Curso prático de eletrônica – Lição 12 – Outros componentes importantes,,25,32,,,,Maio/1991
Correio do leitor,,44,32,,,,Maio/1991
Biofeedback,,45,32,,,,Maio/1991
Campo minado,,47,32,,,,Maio/1991
Estrobo bicolor de alta potência,,50,32,,,,Maio/1991
Variac DC,,52,32,,,,Maio/1991
Projetos simples de ciências,,56,32,,,,Maio/1991
Caixas para rádios portáteis,,60,32,,,,Maio/1991
Enciclopédia Eletrônica Total (fichas de no 119 a 122),,61,32,,,,Maio/1991
Entendendo os circuitos digitais,,3,33,,,,Junho/1991
Mixer estéreo com monitor,,6,33,,,,Junho/1991
Reparação para iniciantes,,10,33,,,,Junho/1991
Fonte de 150/300V,,14,33,,,,Junho/1991
Como funciona: O conversor de UHF,,18,33,,,,Junho/1991
Sintonizando Ondas curtas – QSIs e informes de reacepção (Parte II),,22,33,,,,Junho/1991
Correio do leitor,,24,33,,,,Junho/1991
Curso prático de eletrônica – Lição 13 – Os circuitos integrados,,25,33,,,,Junho/1991
Conheça o LM3909,,44,33,,,,Junho/1991
Rádio AM com 2 integrados,,49,33,,,,Junho/1991
Multi trêmulo,,51,33,,,,Junho/1991
Central de jogos,,54,33,,,,Junho/1991
Relé de prova,,57,33,,,,Junho/1991
Provador de componentes,,57,33,,,,Junho/1991
Rítmica direta fluoresecente,,58,33,,,,Junho/1991
Telégrafo em VHF,,59,33,,,,Junho/1991
Enciclopédia Eletrônica Total (Fichas de no 123 a 126),,61,33,,,,Junho/1991
Barreira ultra-sônica,,3,34,,,,Julho/1991
Reparação para iniciantes: Brinquedos com controle remoto,,10,34,,,,Julho/1991
Os valores dos componentes,,16,34,,,,Julho/1991
Controle automático de iluminação,,18,34,,,,Julho/1991
Fonte de 0 – 16V,,20,34,,,,Julho/1991
Correio do leitor,,22,34,,,,Julho/1991
Defeitos intermitentes,,24,34,,,,Julho/1991
Curso prático de eletrônica – Lição 14 – Os amplificadores operacionais,,25,34,,,,Julho/1991
Alerta de ré,,44,34,,,,Julho/1991
Espião de FM,,46,34,,,,Julho/1991
Comparador de tonalidade de cores,,48,34,,,,Julho/1991
Amplificador para o automóvel,,50,34,,,,Julho/1991
Projetos com o LM3909,,53,34,,,,Julho/1991
Interruptor de toque,,56,34,,,,Julho/1991
Mini-fonte,,56,34,,,,Julho/1991
Buzzer potente,,57,34,,,,Julho/1991
Teste de eletrolíticos,,58,34,,,,Julho/1991
Nervo teste,,59,34,,,,Julho/1991
Enciclopédia Eletrônica Total (fichas de no 127 a 130),,61,34,,,,Julho/1991
TRANSCON – transmissor de FM com energia concentrada,,3,35,,,,Agosto/1991
Circuitos e informações,,10,35,,,,Agosto/1991
Sintonizando Ondas curtas – HCJB: 60 anos,,12,35,,,,Agosto/1991
Índice remissivo de assuntos,,14,35,,,,Agosto/1991
Como enrolar pequenos indutores,,16,35,,,,Agosto/1991
Reparação para iniciantes – como reparar auto-rádios e toca-fitas,,20,35,,,,Agosto/1991
Alarme de nível digital,,23,35,,,,Agosto/1991
Curso prático de eletrônica – Lição 15 – Os circuitos integrados digitais,,25,35,,,,Agosto/1991
VU transistorizado,,42,35,,,,Agosto/1991
Sequencial acelerada,,45,35,,,,Agosto/1991
Controle de velocidade,,48,35,,,,Agosto/1991
Amplificador de 5.5W,,51,35,,,,Agosto/1991
Rádio experimental com TDA7052,,54,35,,,,Agosto/1991
LEDs rítmicos diretos,,57,35,,,,Agosto/1991
Ruído fantasma,,58,35,,,,Agosto/1991
Correio do leitor,,59,35,,,,Agosto/1991
Enciclopédia Eletrônica Total (Fichas de no 131 a 134),,61,35,,,,Agosto/1991
Controle remoto de velocidade,,3,36,,,,Setembro/1991
Como funcionam as pistolas laser dos vídeo games,,9,36,,,,Setembro/1991
Como reparar pequenas fontes de alimentação,,13,36,,,,Setembro/1991
Variável de estado sólido,,18,36,,,,Setembro/1991
Prego injetor,,20,36,,,,Setembro/1991
Sintonizando ondas curtas – Especial ENBRADEX 91,,22,36,,,,Setembro/1991
Curso prático de eletrônica – Lição 16,,25,36,,,,Setembro/1991
Correio do leitor,,43,36,,,,Setembro/1991
Alarme de baixíssimo consumo,,45,36,,,,Setembro/1991
Flasher para 12V,,48,36,,,,Setembro/1991
Filtro para dexistas,,51,36,,,,Setembro/1991
Ponta de prova com display para circuitos integrados TTL e CMOS,,53,36,,,,Setembro/1991
Luz de varanda magnética,,55,36,,,,Setembro/1991
Sirene manual,,58,36,,,,Setembro/1991
Micro flasher,,59,36,,,,Setembro/1991
Gerador de áudio neon,,60,36,,,,Setembro/1991
Enciclopédia Eletrônica Total (fichas de no 135 a 138),,61,36,,,,Setembro/1991
Bioamplificador,,3,37,,,,Outubro/1991
Como funciona a antena parabólica,,9,37,,,,Outubro/1991
Reparação para iniciantes medidas de tensões,,14,37,,,,Outubro/1991
Capacitores,,18,37,,,,Outubro/1991
Correio do leitor,,23,37,,,,Outubro/1991
Curso prático de eletrônica – Lição 137 – Os transmissores,,25,37,,,,Outubro/1991
VU bargraph digital,,42,37,,,,Outubro/1991
Estrobo rítimica de auta potência,,46,37,,,,Outubro/1991
Interruptor de toque temporizado,,50,37,,,,Outubro/1991
Efeito oscilante de som,,53,37,,,,Outubro/1991
Sintonizando Ondas curtas,,56,37,,,,Outubro/1991
Mini fonte de luz monocromática,,59,37,,,,Outubro/1991
Enciclopédia Eletrônica Total (fichas de no 139 a 142),,61,37,,,,Outubro/1991
Alarme simulado de teclas,,3,38,,,,Novembro/1991
Conheça o LM386,,9,38,,,,Novembro/1991
Reparação para iniciantes – Dispositivos com motores,,13,38,,,,Novembro/1991
Sintonizando Ondas curtas,,16,38,,,,Novembro/1991
Correio do leitor,,19,38,,,,Novembro/1991
Transmissor telegráfico de ondas curtas,,21,38,,,,Novembro/1991
Curso prático de eletrônica – Lição 18 – Técnicas de reparação,,25,38,,,,Novembro/1991
Oscilador controlado por temperatura,,44,38,,,,Novembro/1991
Rádio integrado experimental,,46,38,,,,Novembro/1991
Termoalarme,,48,38,,,,Novembro/1991
Gerador para a bancada,,50,38,,,,Novembro/1991
Potente transmissor de FM com CI,,53,38,,,,Novembro/1991
Antena coletiva fantasma (II),,56,38,,,,Novembro/1991
Oscilador 4011,,58,38,,,,Novembro/1991
Enciclopédia Eletrônica Total (Fichas de no 143 a 146),,59,38,,,,Novembro/1991
Transmissor de FM com saída amplificada,,3,39,,,,Dezembro/1991
Conheça o LM3914,,8,39,,,,Dezembro/1991
Transmissor – (o que você deve saber),,18,39,,,,Dezembro/1991
Correio do leitor,,22,39,,,,Dezembro/1991
Projetos de iniciação,,24,39,,,,Dezembro/1991
Sintonizando Ondas curtas,,34,39,,,,Dezembro/1991
Mixer com o LM381,,42,39,,,,Dezembro/1991
Como funciona TV por assinatura,,44,39,,,,Dezembro/1991
Gerador de sinais de VHF/FM,,46,39,,,,Dezembro/1991
Detector de raios ultravioletas,,48,39,,,,Dezembro/1991
Multifiltro para guitarra,,53,39,,,,Dezembro/1991
Vox temporizado,,57,39,,,,Dezembro/1991
Medidor de ondas estacionárias,,59,39,,,,Dezembro/1991
Enciclopédia Eletrônica Total (Fichas de no 147 a 150),,61,39,,,,Dezembro/1991
Conheça o FET de potência,,3,40,,,,Janeiro/1992
Como funcionam os serviços de radiochamadas,,8,40,,,,Janeiro/1992
Passado – presente e futuro da eletrônica,,11,40,,,,Janeiro/1992
Luzes psicodélicas de 3 canais,,14,40,,,,Janeiro/1992
Alarme sem fio em fm,,18,40,,,,Janeiro/1992
Correio do leitor,,23,40,,,,Janeiro/1992
Curso de reparação para iniciantes – 1a lição,,25,40,,,,Janeiro/1992
Sintonizando Ondas curtas,,34,40,,,,Janeiro/1992
Como identificar os eletrodos de um transistor com o multímetro,,42,40,,,,Janeiro/1992
Sirene para alarmes,,44,40,,,,Janeiro/1992
LEDs rítmicos para o automóvel,,46,40,,,,Janeiro/1992
Transmissor CW de ondas curtas,,50,40,,,,Janeiro/1992
Medidor de ganho de transistores,,52,40,,,,Janeiro/1992
Estroboscópica simplificada,,56,40,,,,Janeiro/1992
Lembrete,,58,40,,,,Janeiro/1992
Detector de nível de água,,58,40,,,,Janeiro/1992
LED indicador,,59,40,,,,Janeiro/1992
Enciclopédia Eletrônica Total (fichas de no 151 a 154),,61,40,,,,Janeiro/1992
Transmissor AM com FET de potência,,3,41,,,,Fevereiro/1992
Como funciona o LDR,,10,41,,,,Fevereiro/1992
Passado presente e futuro da eletrônica,,18,41,,,,Fevereiro/1992
Índice remissivo de assuntos,,20,41,,,,Fevereiro/1992
Correio do leitor,,23,41,,,,Fevereiro/1992
Curso de reparação para iniciantes – 2a Lição,,25,41,,,,Fevereiro/1992
Sintonizando Ondas curtas,,42,41,,,,Fevereiro/1992
Fonte para cortador de isopor,,45,41,,,,Fevereiro/1992
Rádio receptor FM/VHF transistorizado,,47,41,,,,Fevereiro/1992
Alarme de passagem,,51,41,,,,Fevereiro/1992
Analisador dinâmico de circuitos,,53,41,,,,Fevereiro/1992
Repelente de insetos,,57,41,,,,Fevereiro/1992
Micro rádio,,59,41,,,,Fevereiro/1992
Simples amplificador,,60,41,,,,Fevereiro/1992
Enciclopédia Eletrônica Total (fichas de no 155 a 158),,61,41,,,,Fevereiro/1992
Rádio controle de 4 a 10 canais,,3,42,,,,Março/1992
Conheça o 4051,,10,42,,,,Março/1992
Oscilador de 100 a 500 kHz,,16,42,,,,Março/1992
Passado presente e futuro da eletrônica,,18,42,,,,Março/1992
Correio do leitor,,20,42,,,,Março/1992
Duas montagens para feira de ciências do 1o grau,,22,42,,,,Março/1992
Curso de reparação para iniciantes – 3a lição,,25,42,,,,Março/1992
Sintonizando Ondas curtas,,42,42,,,,Março/1992
Módulos de efeitos de som,,45,42,,,,Março/1992
Reforçador de ondas curtas,,50,42,,,,Março/1992
8 projetos com LDRs,,53,42,,,,Março/1992
Enciclopédia eletrônica Total (fichas de no 159 a 162),,61,42,,,,Março/1992
Walkie Talkie – Transceptor portátil,,3,43,,,,Abril/1992
Sintonizando Ondas curtas,,12,43,,,,Abril/1992
O segredo da antena plano terra,,15,43,,,,Abril/1992
Voltímetro CA com fono acoplador,,16,43,,,,Abril/1992
Booster de áudio,,17,43,,,,Abril/1992
Equivalências de transistores,,21,43,,,,Abril/1992
Curso de reparação para iniciantes – 4a lição,,25,43,,,,Abril/1992
Correio do leitor,,40,43,,,,Abril/1992
4 super sirenes,,42,43,,,,Abril/1992
Passado presente e futuro da eletrônica,,48,43,,,,Abril/1992
Outros projetos com LDRs,,49,43,,,,Abril/1992
Instalando controles remotos,,54,43,,,,Abril/1992
Inversor PNP,,59,43,,,,Abril/1992
Emissor ultra-sônico,,60,43,,,,Abril/1992
Enciclopédia Eletrônica Total (Fichas de no 163 a 166),,61,43,,,,Abril/1992
Vídeo station,,4,44,,,,Maio/1992
Sintonizando Ondas curtas,,8,44,,,,Maio/1992
Correio do leitor,,12,44,,,,Maio/1992
Como funciona o telefone sem fio,,13,44,,,,Maio/1992
Motor Yoke,,16,44,,,,Maio/1992
Três amplificadores telefônicos,,19,44,,,,Maio/1992
Curso de reparação para iniciantes – 5a lição,,25,44,,,,Maio/1992
Passado presente e futuro da eletrônica,,41,44,,,,Maio/1992
Pilha experimental,,43,44,,,,Maio/1992
Provador sofisticado de componentes,,47,44,,,,Maio/1992
Detector de metais,,49,44,,,,Maio/1992
Transmissor de FM,,51,44,,,,Maio/1992
Mini Karaokê,,53,44,,,,Maio/1992
Gerador de MUT por descarga capacitiva,,56,44,,,,Maio/1992
Enciclopédia Eletrônica Total (Fichas de no 167 a 170),,61,44,,,,Maio/1992
Microfone sem fio de FM,,4,45,,,,Junho/1992
Sintonizando Ondas curtas,,8,45,,,,Junho/1992
Usos importantes para o multímetro,,11,45,,,,Junho/1992
Roncos como eliminar,,16,45,,,,Junho/1992
22 grandes efeitos,,19,45,,,,Junho/1992
Correio do leitor,,22,45,,,,Junho/1992
Passado presente e futuro da eletrônica,,24,45,,,,Junho/1992
Curso de reparação para iniciantes – 6a lição,,25,45,,,,Junho/1992
Motor Curie,,37,45,,,,Junho/1992
Metralhadora,,43,45,,,,Junho/1992
Pré-amplificador com FET,,44,45,,,,Junho/1992
Estrobo-neon,,45,45,,,,Junho/1992
Teste de portas CMOS,,47,45,,,,Junho/1992
Amplificador de prova com TDA7052,,49,45,,,,Junho/1992
VU com UAA180,,51,45,,,,Junho/1992
Meu primeiro rádio,,53,45,,,,Junho/1992
Central de efeitos sonoros,,57,45,,,,Junho/1992
Indicador de direção sonoro para automóveis,,59,45,,,,Junho/1992
Enciclopédia Eletrônica Total (Fichas de no 171 a 174),,61,45,,,,Junho/1992
Rádio de ondas curtas,,4,46,,,,Julho/1992
Correio do leitor,,8,46,,,,Julho/1992
Passado presente e futuro da eletrônica,,10,46,,,,Julho/1992
Motor elástico,,11,46,,,,Julho/1992
Fonte de alimentação versátil,,14,46,,,,Julho/1992
Transmissor para o Walkman,,18,46,,,,Julho/1992
Ouvindo através das paredes,,20,46,,,,Julho/1992
Dimmer digital,,23,46,,,,Julho/1992
Curso de reparação para iniciantes – 7a lição,,25,46,,,,Julho/1992
Interruptor com retardo,,41,46,,,,Julho/1992
Provador de continuidade,,42,46,,,,Julho/1992
Conversor 12/6V,,43,46,,,,Julho/1992
Como funciona: Alarmes infravermelho,,45,46,,,,Julho/1992
Sintonizando Ondas curtas,,49,46,,,,Julho/1992
Sinalizador para garagens,,52,46,,,,Julho/1992
Teste universal de transistores,,56,46,,,,Julho/1992
Espantalho eletrônico,,58,46,,,,Julho/1992
Enciclopédia Eletrônica Total (Fichas de no 175 a 178),,61,46,,,,Julho/1992
Fonte de 6/9/12V x 1 A,,2,47,,,,Agost/1992
Transmissor de FM valvulado,,4,47,,,,Agost/1992
Correio do leitor,,8,47,,,,Agost/1992
Como funciona: O Raio X,,10,47,,,,Agost/1992
Passado presente e futuro da eletrônica,,14,47,,,,Agost/1992
Motor de disco,,16,47,,,,Agost/1992
Transmissor solar,,18,47,,,,Agost/1992
Pesquisador infravermelho,,20,47,,,,Agost/1992
Curso de reparação para iniciantes – 8a lição,,25,47,,,,Agost/1992
Sintonizando Ondas curtas,,43,47,,,,Agost/1992
Os amplificadores de áudio,,47,47,,,,Agost/1992
Link AM,,51,47,,,,Agost/1992
Rádio VHF/FM transistorizado,,53,47,,,,Agost/1992
Transmissor com um componente,,57,47,,,,Agost/1992
Mini-sinalizador bicolor,,58,47,,,,Agost/1992
Micro alarme de toque,,58,47,,,,Agost/1992
Controle de brilho DC,,60,47,,,,Agost/1992
Enciclopédia Eletrônica Total (Fichas de no 175 a 178),,61,47,,,,Agost/1992
Gerador de pânico,,4,48,,,,Setembro/1992
Espionagem eletrônica,,10,48,,,,Setembro/1992
Passado presente e futuro da eletrônica,,14,48,,,,Setembro/1992
Eletrônica orgânica,,16,48,,,,Setembro/1992
Emissor de bips em FM/VHF,,18,48,,,,Setembro/1992
Identificando transformadores,,20,48,,,,Setembro/1992
Curso de reparação para iniciantes – 9a lição,,25,48,,,,Setembro/1992
Transmissor do agente secreto,,44,48,,,,Setembro/1992
Três projetos mágicos,,46,48,,,,Setembro/1992
Correio do leitor,,51,48,,,,Setembro/1992
Como funciona: O NTC,,52,48,,,,Setembro/1992
Relógio LCD para o automóvel,,58,48,,,,Setembro/1992
Antena transmissora de FM,,59,48,,,,Setembro/1992
Redutor de 6V para o automóvel,,59,48,,,,Setembro/1992
Enciclopédia Eletrônica Total (Fichas de no 179 a 182),,61,48,,,,Setembro/1992
Receptor de som de TV,,4,49,,,,Outubro/1992
Sintonizando Ondas curtas,,10,49,,,,Outubro/1992
Instale o som de seu carro,,16,49,,,,Outubro/1992
Converta seu rádio FM num Walkie-Talkie,,21,49,,,,Outubro/1992
Levitação eletromagnética,,24,49,,,,Outubro/1992
Curso de reparação para iniciantes – 10a lição,,25,49,,,,Outubro/1992
Correio do leitor,,43,49,,,,Outubro/1992
Três montagens magnéticas,,44,49,,,,Outubro/1992
Passado presente e futuro da eletrônica,,48,49,,,,Outubro/1992
Intercomunicador versátil,,50,49,,,,Outubro/1992
Sequencial de 10 LEDs,,52,49,,,,Outubro/1992
Transmissor de FM,,57,49,,,,Outubro/1992
Amplifone,,58,49,,,,Outubro/1992
Alarme de secura,,59,49,,,,Outubro/1992
Enciclopédia Eletrônica Total (Fichas de no 187 a 190),,61,49,,,,Outubro/1992
Fechadura eletrônica,,4,50,,,,Novembro/1992
Sintonizando Ondas curtas,,10,50,,,,Novembro/1992
Geradores de ultrasons,,18,50,,,,Novembro/1992
Máquinas alternativas para altas tensões,,21,50,,,,Novembro/1992
Harmônicas e filtros,,21,50,,,,Novembro/1992
Curso de reparação para iniciantes – 11a lição,,25,50,,,,Novembro/1992
Correio do leitor,,41,50,,,,Novembro/1992
Passado presente e futuro da eletrônica,,42,50,,,,Novembro/1992
Transmissor de ondas curtas,,44,50,,,,Novembro/1992
VU de 5 LEDs,,46,50,,,,Novembro/1992
Relé de aproximação,,48,50,,,,Novembro/1992
Regulador de tensão para dínamos,,49,50,,,,Novembro/1992
Gerador móvel de alta tensão,,51,50,,,,Novembro/1992
Termo-oscilador,,52,50,,,,Novembro/1992
Redutor para soldador,,56,50,,,,Novembro/1992
Mini máquina de choque,,57,50,,,,Novembro/1992
Sintonizador AM,,58,50,,,,Novembro/1992
Teste de eletrodomésticos,,59,50,,,,Novembro/1992
Enciclopédia Eletrônica Total (Fichas de no 191 a 194),,61,50,,,,Novembro/1992
Fader integrado para microfone,,4,51,,,,Dezembro/1992
Conheça o 4047,,7,51,,,,Dezembro/1992
Correio do leitor,,14,51,,,,Dezembro/1992
Sintonizando Ondas curtas,,16,51,,,,Dezembro/1992
Como fazer quando a montagem não funciona,,18,51,,,,Dezembro/1992
Passado presente e futuro da eletrônica,,23,51,,,,Dezembro/1992
Curso de reparação para iniciantes – 12a lição,,25,51,,,,Dezembro/1992
Abajur de raios,,43,51,,,,Dezembro/1992
Oscilador em contrafase para transdutor piezoelétrico,,47,51,,,,Dezembro/1992
Sintonizador de FM em ponte,,49,51,,,,Dezembro/1992
Gratauto – Gravador telefônico autônomo,,51,51,,,,Dezembro/1992
Amperímetro de fio quente,,54,51,,,,Dezembro/1992
Máquina de choques,,56,51,,,,Dezembro/1992
Campainha multi-tonal,,57,51,,,,Dezembro/1992
Microfone de baixa impedância,,59,51,,,,Dezembro/1992
Enciclopédia Eletrônica Total (Fichas de no 195 a 198),,61,51,,,,Dezembro/1992
Transmissor AM para 11 metros de 5W,,4,52,,,,Janeiro/1993
Montagens em altas tensões,,9,52,,,,Janeiro/1993
Correio do leitor,,14,52,,,,Janeiro/1993
Os instrumentos de bancada,,16,52,,,,Janeiro/1993
Como funciona: O comparador de tensão,,19,52,,,,Janeiro/1993
Curso de reparação para iniciantes – 13a lição,,25,52,,,,Janeiro/1993
Sintonizando Ondas curtas,,44,52,,,,Janeiro/1993
Passado presente e futuro da eletrônica,,47,52,,,,Janeiro/1993
Transmissor TTL sem bobinas,,49,52,,,,Janeiro/1993
Rádio AM com super transistor,,50,52,,,,Janeiro/1993
Transiteste – Testador de transistores definitivo,,52,52,,,,Janeiro/1993
Alarme de sobreaquecimento,,55,52,,,,Janeiro/1993
Dois sinalizadores para modelismo,,57,52,,,,Janeiro/1993
Oscilador de ondas curtas,,59,52,,,,Janeiro/1993
Lanterna com controle de brilho,,60,52,,,,Janeiro/1993
Enciclopédia Eletrônica Total (Fichas de no 198 a 201),,61,52,,,,Janeiro/1993
Receptor super heteródino para faixa do cidadão,,4,53,,,,Fevereiro/1993
Montagens em altas tensões II,,10,53,,,,Fevereiro/1993
Correio do leitor,,14,53,,,,Fevereiro/1993
Comprovador de transmissores,,16,53,,,,Fevereiro/1993
Regulador de corrente com transistor PNP,,17,53,,,,Fevereiro/1993
Interruptor de toque,,19,53,,,,Fevereiro/1993
Central de efeitos de som,,21,53,,,,Fevereiro/1993
Curso de reparação para iniciantes – 14a lição,,25,53,,,,Fevereiro/1993
Sintonizando Ondas curtas,,42,53,,,,Fevereiro/1993
Montagens simples com LEDs,,44,53,,,,Fevereiro/1993
Passado presente e futuro da eletrônica,,52,53,,,,Fevereiro/1993
Circuitos de espionagem,,54,53,,,,Fevereiro/1993
Circuitos integrados: equivalências códigos e substituição,,56,53,,,,Fevereiro/1993
Mini injetor,,58,53,,,,Fevereiro/1993
Termômetro eletrônico,,59,53,,,,Fevereiro/1993
Enciclopédia Eletrônica Total (Fichas de no 202 a 205),,61,53,,,,Fevereiro/1993
Superouvido,,4,54,,,,Março/1993
Módulo amplificador de 15W para o carro,,12,54,,,,Março/1993
Estação de FM pi-rata,,16,54,,,,Março/1993
Transmissor de AM,,22,54,,,,Março/1993
Controle remoto sônico,,26,54,,,,Março/1993
Interfone,,29,54,,,,Março/1993
Retransmissor de AM,,33,54,,,,Março/1993
Transmissor FET de ondas curtas,,39,54,,,,Março/1993
Interruptor crepuscular,,41,54,,,,Março/1993
Interruptor de toque biestável,,44,54,,,,Março/1993
Pré-seletor de OC,,46,54,,,,Março/1993
VU luminoso gigante,,48,54,,,,Março/1993
Rádio de 5 transistores,,53,54,,,,Março/1993
Equalizador para o carro com VU de LEDs,,56,54,,,,Março/1993
Potente transmissor de FM modulado por Varicap,,59,54,,,,Março/1993
Anti-espião,,64,54,,,,Março/1993
Gerador de percussão para tirmos musicais,,67,54,,,,Março/1993
Vox,,71,54,,,,Março/1993
Dimmer de toque,,74,54,,,,Março/1993
9 projetos com bargraph,,4,55,,,,Abril/1993
Sintonizando Ondas curtas,,18,55,,,,Abril/1993
Montagens em altas tensões III,,22,55,,,,Abril/1993
Curso de reparação para iniciantes – 15a lição,,25,55,,,,Abril/1993
Intercomunicador óptico,,43,55,,,,Abril/1993
Correio do leitor,,46,55,,,,Abril/1993
Micro amplificador com super transistor,,47,55,,,,Abril/1993
Guitarra/violão sem fio,,50,55,,,,Abril/1993
Rítmica com acoplador óptico,,52,55,,,,Abril/1993
Medindo pequenos indutores,,53,55,,,,Abril/1993
Oscilador alternativo,,57,55,,,,Abril/1993
Movimento misterioso,,58,55,,,,Abril/1993
Provador de componentes,,59,55,,,,Abril/1993
Enciclopédia Eletrônica Total (Fichas de no 206 a 210),,61,55,,,,Abril/1993
Walkie-Talkie de longo alcance,,4,56,,,,Maio/1993
Como funcionam os osciladores,,12,56,,,,Maio/1993
Montagens digitais em matriz de contatos,,18,56,,,,Maio/1993
Passado presente e futuro da eletrônica,,23,56,,,,Maio/1993
Curso de reparação para iniciantes – 16a lição,,25,56,,,,Maio/1993
Coletânea de circuitos TTL,,41,56,,,,Maio/1993
Injetor CMOS,,43,56,,,,Maio/1993
Sintonizando Ondas curtas,,47,56,,,,Maio/1993
Amplificador integrado de 7W,,50,56,,,,Maio/1993
2 Projetos com módulo bargraph,,52,56,,,,Maio/1993
Correio do leitor,,55,56,,,,Maio/1993
Detector de mentiras com supertransistor,,57,56,,,,Maio/1993
Oscilador telegráfico,,60,56,,,,Maio/1993
Teste de transistores unijunção,,61,56,,,,Maio/1993
Defesas eletrônicas,,4,57,,,,Junho/1993
Projetos para feiras de ciências,,12,57,,,,Junho/1993
Descomplicando o Watt Volt e Ampére,,22,57,,,,Junho/1993
Curso de reparação para iniciantes – 17a lição,,25,57,,,,Junho/1993
Correio do leitor,,41,57,,,,Junho/1993
Nervo-teste maluco,,45,57,,,,Junho/1993
Mais projetos com módulo bargraph,,46,57,,,,Junho/1993
Antena plano-terra com guarda-chuva,,50,57,,,,Junho/1993
Fonte de 1-30V x 3A,,52,57,,,,Junho/1993
Pré para cabeça gravadora,,54,57,,,,Junho/1993
Pisca-pisca de ultrabaixo consumo,,59,57,,,,Junho/1993
MOS – Toque de potência,,60,57,,,,Junho/1993
Transmissor CW-AM potente,,61,57,,,,Junho/1993
Indicador de fusível queimado,,62,57,,,,Junho/1993
Mesa de efeitos de luz e som,,4,58,,,,Julho/1993
Projetos para feiras de ciências,,12,58,,,,Julho/1993
Passado presente e futuro da eletrônica,,20,58,,,,Julho/1993
Correio do leitor,,23,58,,,,Julho/1993
Curso de reparação para iniciantes – 18a lição,,25,58,,,,Julho/1993
Sintonizando Ondas curtas,,39,58,,,,Julho/1993
Luzes estroborrítmicas,,42,58,,,,Julho/1993
Chave digital capacitiva,,47,58,,,,Julho/1993
A mola saltitante,,49,58,,,,Julho/1993
Receptor FM/VHF com TDA7052,,50,58,,,,Julho/1993
Controle de temperatura para ferro de soldar,,53,58,,,,Julho/1993
Cortador de isopor,,56,58,,,,Julho/1993
Mini-karaokê,,58,58,,,,Julho/1993
Rádio como seguidor de sinais,,60,58,,,,Julho/1993
Controle de velocidade para motor de 3A,,61,58,,,,Julho/1993
Acendendo uma lâmpada com um LED,,62,58,,,,Julho/1993
Amplificadores e divisores de frequência para o carro,,4,59,,,,Agosto/1993
Mesa de efeitos de luz e som,,12,59,,,,Agosto/1993
Interuptor magnético secreto,,23,59,,,,Agosto/1993
Avaliação do curso de reparação para iniciantes,,25,59,,,,Agosto/1993
Correio do leitor,,31,59,,,,Agosto/1993
Booster para ondas médias e curtas,,34,59,,,,Agosto/1993
Trêmulo para violão e guitarra,,39,59,,,,Agosto/1993
Pré-amplificador com controle de tom,,41,59,,,,Agosto/1993
Gerador de barras para TV,,44,59,,,,Agosto/1993
Projetos para feiras de ciências,,47,59,,,,Agosto/1993
Dimmer automotivo,,59,59,,,,Agosto/1993
Carregador de Nicad,,60,59,,,,Agosto/1993
Máquina de choques,,61,59,,,,Agosto/1993
Alarme de presença por pertubação luminosa,,4,60,,,,Setembro/1993
Pirógrafo eletrônico,,9,60,,,,Setembro/1993
Sequencial de 4 canais,,16,60,,,,Setembro/1993
Correio do leitor,,20,60,,,,Setembro/1993
Comunicação telegráfica através da parede,,22,60,,,,Setembro/1993
Curso de reparação para iniciantes – Respostas da avaliação final,,25,60,,,,Setembro/1993
Mixer ativo de 3 entradas,,31,60,,,,Setembro/1993
Projetos para feiras de ciências,,33,60,,,,Setembro/1993
Fonte para amplificadores operacionais,,44,60,,,,Setembro/1993
6V em pouco espaço,,45,60,,,,Setembro/1993
Regulagem econômica,,46,60,,,,Setembro/1993
Repelente sônico,,47,60,,,,Setembro/1993
Treinador ultra sônico para cães,,48,60,,,,Setembro/1993
Luz audível,,49,60,,,,Setembro/1993
Medidor de intensidade de campo,,50,60,,,,Setembro/1993
Teste de resistores,,51,60,,,,Setembro/1993
Provador universal,,52,60,,,,Setembro/1993
Órgão eletrônico,,54,60,,,,Setembro/1993
Diet rádio,,55,60,,,,Setembro/1993
Transmissor de FM,,57,60,,,,Setembro/1993
Luz noturna automática,,58,60,,,,Setembro/1993
Tiro espacial,,59,60,,,,Setembro/1993
Timer Neon,,61,60,,,,Setembro/1993
Micro sistema de escuta clandestina,,4,61,,,,Outubro/1993
Alarme simulado de teclas,,6,61,,,,Outubro/1993
Microfone parabólico seletivo,,12,61,,,,Outubro/1993
Transmissor de ondas curtas,,18,61,,,,Outubro/1993
Amplificador reforçador 30 a 80W,,22,61,,,,Outubro/1993
Transmissor de FM com controle de modulação,,30,61,,,,Outubro/1993
Interruptor crepuscular,,36,61,,,,Outubro/1993
Rádio controle de 4 a 10 canais,,40,61,,,,Outubro/1993
Simulador de reverberação,,45,61,,,,Outubro/1993
Gerador de sinais VHF/FM,,51,61,,,,Outubro/1993
Três amplificadores telefônicos,,54,61,,,,Outubro/1993
Vox temporizada,,60,61,,,,Outubro/1993
Efeitos com globos de espelhos,,4,62,,,,Novembro/1993
Eliminador econômico de 9V,,12,62,,,,Novembro/1993
Gerador dente-de-serra,,13,62,,,,Novembro/1993
Alarme remoto de FM,,16,62,,,,Novembro/1993
Luz de cortesia temporizada,,18,62,,,,Novembro/1993
Bargraph gigante,,22,62,,,,Novembro/1993
Sintonizando Ondas curtas,,28,62,,,,Novembro/1993
Correio do leitor,,32,62,,,,Novembro/1993
741 amplificador operacional – Parte 1,,34,62,,,,Novembro/1993
Rítmica fluorescente,,40,62,,,,Novembro/1993
Microfone de baixa impedância,,44,62,,,,Novembro/1993
Eletroímã em ferradura,,46,62,,,,Novembro/1993
As lâmpadas PL,,48,62,,,,Novembro/1993
Passado presente e futuro da eletrônica,,53,62,,,,Novembro/1993
Fonte CC de alta tensão,,56,62,,,,Novembro/1993
Pisca-pisca com LED bicolor,,57,62,,,,Novembro/1993
Pré de uso geral,,58,62,,,,Novembro/1993
Timer Power FET,,59,62,,,,Novembro/1993
Risada Eletrônica,,60,62,,,,Novembro/1993
Simples eletroímã,,61,62,,,,Novembro/1993
Amplikar 2005,,4,63,,,,Dezembro/1993
Controle por toque temporizado,,8,63,,,,Dezembro/1993
Amplificador de áudio 741,,10,63,,,,Dezembro/1993
Cara-ou-coroa Digital,,12,63,,,,Dezembro/1993
Sensível Fotoalarme,,14,63,,,,Dezembro/1993
Sirene com controle remoto,,16,63,,,,Dezembro/1993
Correio do leitor,,20,63,,,,Dezembro/1993
Sintonizando Ondas curtas,,21,63,,,,Dezembro/1993
741 amplificador operacional – Parte 2,,28,63,,,,Dezembro/1993
Caça fantasmas,,34,63,,,,Dezembro/1993
Theremin,,36,63,,,,Dezembro/1993
Psicolâmpadas,,40,63,,,,Dezembro/1993
Pisca-Pisca duplo TTL,,42,63,,,,Dezembro/1993
Rádio integrdado com TDA7052,,44,63,,,,Dezembro/1993
Conheça os divisores de frequência,,47,63,,,,Dezembro/1993
Gerador de alta tensão experimental,,51,63,,,,Dezembro/1993
Como fazer placas de circuito impresso usando decalques,,52,63,,,,Dezembro/1993
Minuteria,,57,63,,,,Dezembro/1993
Gerador de VHF,,58,63,,,,Dezembro/1993
Divisor para alto-falantes,,59,63,,,,Dezembro/1993
Indicador de Tensão de rede,,60,63,,,,Dezembro/1993
Luz rítmica,,60,63,,,,Dezembro/1993
Chave de áudio,,61,63,,,,Dezembro/1993
9 projetos de psicoeletrônica,,4,64,,,,Janeiro/1994
Detector de infravermelho,,9,64,,,,Janeiro/1994
Sintonizando Ondas curtas,,16,64,,,,Janeiro/1994
Correio do leitor,,20,64,,,,Janeiro/1994
Transmissor de FM,,22,64,,,,Janeiro/1994
Curso de TV e vídeo (lição 01),,25,64,,,,Janeiro/1994
Dimmer simples,,41,64,,,,Janeiro/1994
Prova lógica,,43,64,,,,Janeiro/1994
Rádio de cristal,,47,64,,,,Janeiro/1994
Voltímetro digital,,50,64,,,,Janeiro/1994
Laser = como funciona =,,52,64,,,,Janeiro/1994
Eliminador de fantasma,,58,64,,,,Janeiro/1994
Foto controle remoto,,60,64,,,,Janeiro/1994
Fonte de 0-12V x 1A,,61,64,,,,Janeiro/1994
Biestável SCR,,62,64,,,,Janeiro/1994
Super transmissor de FM,,4,65,,,,Fevereiro/1994
6 transmissores (OM – OC – VHF – FM),,8,65,,,,Fevereiro/1994
Prova lógica,,16,65,,,,Fevereiro/1994
Sintonizando Ondas curtas,,19,65,,,,Fevereiro/1994
Correio do leitor,,22,65,,,,Fevereiro/1994
Curso de TV e vídeo (lição 02),,25,65,,,,Fevereiro/1994
Alarme de aproximação,,41,65,,,,Fevereiro/1994
Amplificador de prova,,44,65,,,,Fevereiro/1994
Localizador anti-sequestro,,46,65,,,,Fevereiro/1994
Chave de código,,51,65,,,,Fevereiro/1994
Reparações domésticas com lâmpada Neon,,54,65,,,,Fevereiro/1994
Reforçador de som,,58,65,,,,Fevereiro/1994
Fonte sem transformador,,59,65,,,,Fevereiro/1994
Chave com retardo,,60,65,,,,Fevereiro/1994
Potenciômetro eletrônico,,61,65,,,,Fevereiro/1994
Nervo-teste,,61,65,,,,Fevereiro/1994
Rádio controle Multicanal,,4,66,,,,Março/1994
Cola eletrônica,,12,66,,,,Março/1994
Maior alcance para seu transmissor,,16,66,,,,Março/1994
Correio do leitor,,19,66,,,,Março/1994
Sintonizando Ondas curtas,,22,66,,,,Março/1994
Curso de TV e vídeo (lição 3),,25,66,,,,Março/1994
Ache a combinação,,40,66,,,,Março/1994
Magnetizador instantâneo para ferramentas,,42,66,,,,Março/1994
Gravador sem fio para som de TV,,43,66,,,,Março/1994
Intecon,,45,66,,,,Março/1994
Relé sônico,,47,66,,,,Março/1994
Display Giratório,,50,66,,,,Março/1994
Lâmpada mágica,,51,66,,,,Março/1994
Caixa Preta,,54,66,,,,Março/1994
Conheça os novos videogames CD-ROM,,55,66,,,,Março/1994
Rádio auto-alimentado,,59,66,,,,Março/1994
Filro de interferências,,60,66,,,,Março/1994
Comparador de luz,,61,66,,,,Março/1994
Chama-peixes,,62,66,,,,Março/1994
Alarme de baixíssimo consumo,,4,67,,,,Abril/1994
Sequencial acelerada,,7,67,,,,Abril/1994
Mais uma aventura de Beto e Cleto: O denteródino,,12,67,,,,Abril/1994
Mixer estereo com monitor,,16,67,,,,Abril/1994
Amplificador para automóvel,,19,67,,,,Abril/1994
Curso de TV e vídeo (lição 41),,25,67,,,,Abril/1994
Seleção de efeitos de som,,40,67,,,,Abril/1994
Correio do leitor,,49,67,,,,Abril/1994
Transmissor de FM estereo,,50,67,,,,Abril/1994
Micro-transmissor de FM em 5 versões,,56,67,,,,Abril/1994
6 rádios para montar,,4,68,,,,Maio/1994
Mais uma aventura d Beto e Cleto: Júpiter e o Cometa.,,14,68,,,,Maio/1994
Curso de TV e video (lição 05),,25,68,,,,Maio/1994
Correio do leitor,,37,68,,,,Maio/1994
Como funciona o controle remoto,,38,68,,,,Maio/1994
Micro teste,,43,68,,,,Maio/1994
Detector de curioso,,45,68,,,,Maio/1994
3 fontes para furadeiras de placas,,47,68,,,,Maio/1994
Conheça o TRIAC,,51,68,,,,Maio/1994
Canhão eletromagnético,,54,68,,,,Maio/1994
Neon rítmica,,57,68,,,,Maio/1994
Mini telefone,,58,68,,,,Maio/1994
Pré amplificador para microfone de eletreto,,59,68,,,,Maio/1994
Alarme de invasão com memória,,60,68,,,,Maio/1994
Pré para violão e guitarra,,61,68,,,,Maio/1994
Pedais de efeito,,4,69,,,,Junho/1994
Alarme de baixo consumo,,9,69,,,,Junho/1994
Mais uma aventura de Beto e Cleto: O oscilador Disentérico,,12,69,,,,Junho/1994
Transmissor para Walkman,,18,69,,,,Junho/1994
Mike de ganho,,22,69,,,,Junho/1994
Curso de TV e Video (lição 06),,25,69,,,,Junho/1994
Correio do leitor,,38,69,,,,Junho/1994
VU Sequencial integrado SN16880N,,39,69,,,,Junho/1994
Sintonizador de VHF/FM,,43,69,,,,Junho/1994
Osciladores com comparadores CA139/239/339 (SID),,46,69,,,,Junho/1994
Como obter bobinas,,49,69,,,,Junho/1994
Detector de radiação,,52,69,,,,Junho/1994
Galvanometro experimental,,55,69,,,,Junho/1994
Telégrafo simplificador,,57,69,,,,Junho/1994
Experiências de magnetismo,,58,69,,,,Junho/1994
Eletro-imã,,58,69,,,,Junho/1994
Instalação elétrica Ligação série e paralelo,,59,69,,,,Junho/1994
Detector de energia,,61,69,,,,Junho/1994
Amplificadores de 40 a 200 Watts PMPO,,4,70,,,,Julho/1994
Conheça o 4013,,10,70,,,,Julho/1994
Mais uma aventura de Beto e Cleto: Teatro multimídia,,13,70,,,,Julho/1994
Circuitos do prof. Ventura,,19,70,,,,Julho/1994
Curso de TV e vídeo (lição 07),,25,70,,,,Julho/1994
Correio do leitor,,38,70,,,,Julho/1994
Alarme com eletrificador de cercas,,39,70,,,,Julho/1994
Strobo de Xenônio,,44,70,,,,Julho/1994
Transmissor de FM potente,,49,70,,,,Julho/1994
Transmissor elementar,,55,70,,,,Julho/1994
Acenda uma fluorescente com uma pilha,,56,70,,,,Julho/1994
Salto misterioso,,57,70,,,,Julho/1994
Computador experimental,,58,70,,,,Julho/1994
Funcionamento das celulas solares,,59,70,,,,Julho/1994
Ventura – Transmissor de FM,,4,71,,,,Agosto/1994
Conheça a ponte de Wheatstone,,7,71,,,,Agosto/1994
Sensor de pressão,,12,71,,,,Agosto/1994
Mais uma aventura de Beto e Cleto: Teorias e trapalhadas em FM,,15,71,,,,Agosto/1994
Circuitos do professor Ventura,,22,71,,,,Agosto/1994
Curso de TV e vídeo (lição 08),,25,71,,,,Agosto/1994
Correio do leitor,,37,71,,,,Agosto/1994
Transdutores especiais,,38,71,,,,Agosto/1994
Áudio Relé,,43,71,,,,Agosto/1994
Circuitos com 2N3055 ou TIP3055,,46,71,,,,Agosto/1994
Luz Noturna para bebês,,50,71,,,,Agosto/1994
Mini mix,,55,71,,,,Agosto/1994
Flip-flop R-S,,56,71,,,,Agosto/1994
Bloqueador de interferências,,56,71,,,,Agosto/1994
Metrônomo,,57,71,,,,Agosto/1994
Ohmímetro simples,,59,71,,,,Agosto/1994
Flasher de baixo consumo,,59,71,,,,Agosto/1994
Porteiro eletrônico,,2,72,,,,Dezembro/1995
Como interpretar diagramas,,7,72,,,,Dezembro/1995
Notícias & lançamentos,,12,72,,,,Dezembro/1995
Sistemas multivias para controle de lâmpadas,,14,72,,,,Dezembro/1995
Super-amplificador espião,,17,72,,,,Dezembro/1995
Unidade de medidas e fontes de energia,,23,72,,,,Dezembro/1995
Carregador de NiCad AA (M9),,36,72,,,,Dezembro/1995
Motor transmissor,,39,72,,,,Dezembro/1995
Sensor de toque com trava,,41,72,,,,Dezembro/1995
As ferramentas da oficina,,46,72,,,,Dezembro/1995
Eletrodomésticos com elementos de aquecimento,,51,72,,,,Dezembro/1995
ET net,,56,72,,,,Dezembro/1995
Detectando a elericidade estática,,57,72,,,,Dezembro/1995
Capacímetro,,2,73,,,,Janeiro/1996
Como soldar,,6,73,,,,Janeiro/1996
Chuveiro eletrônico,,13,73,,,,Janeiro/1996
Eliminando os roncos de 60Hz,,17,73,,,,Janeiro/1996
Oscilador de batimento para ouvir SSB,,23,73,,,,Janeiro/1996
Pilhas e baterias,,35,73,,,,Janeiro/1996
Antenas para ondas curtas,,40,73,,,,Janeiro/1996
Memórias,,45,73,,,,Janeiro/1996
ET net,,50,73,,,,Janeiro/1996
Dedo dro,,51,73,,,,Janeiro/1996
Seguidor de sinais,,53,73,,,,Janeiro/1996
Sintonizador de antena,,55,73,,,,Janeiro/1996
Sino gongo tambor,,57,73,,,,Janeiro/1996
Neutro e terra,,59,73,,,,Janeiro/1996
O circuito elétrico e os efeitos da corrente,,2,74,,,,Março/1996
Resistorese e lâmpadas,,6,74,,,,Março/1996
Micro-transmissor de FM em 5 versões,,11,74,,,,Março/1996
Conheça os transistores BC548/BC558,,17,74,,,,Março/1996
ET net,,22,74,,,,Março/1996
O pára-raios e a xerox,,23,74,,,,Março/1996
Amplificador para fone,,35,74,,,,Março/1996
Transmissor de ondas curtas,,37,74,,,,Março/1996
Controles remotos,,39,74,,,,Março/1996
Conhecendo e usando SCRs,,48,74,,,,Março/1996
O gravador de fita,,56,74,,,,Março/1996
Eletricidade estática e o capacitor,,2,75,,,,Abril/1996
Testando componentes,,10,75,,,,Abril/1996
Técnicas de montagem,,15,75,,,,Abril/1996
Usos diferentes para o PC,,21,75,,,,Abril/1996
Notícias & lançamentos,,27,75,,,,Abril/1996
Alarme de pêndulo,,35,75,,,,Abril/1996
Multímetro do iniciante,,37,75,,,,Abril/1996
Localizador de fios embutidos,,40,75,,,,Abril/1996
Antenas parabólicas,,44,75,,,,Abril/1996
ET net,,50,75,,,,Abril/1996
Construa um magnetizador,,51,75,,,,Abril/1996
Guitarra sem fio,,53,75,,,,Abril/1996
Rádio controle Multicanal,,55,75,,,,Abril/1996
Como calcular o consumo de energia,,59,75,,,,Abril/1996
Estimulador magnético de crescimento,,2,76,,,,Maio/1996
Dado eletrônico,,5,76,,,,Maio/1996
Sirene de policia,,7,76,,,,Maio/1996
Risada Eletrônica,,10,76,,,,Maio/1996
Passarinho eletrônico,,13,76,,,,Maio/1996
Pintinho,,16,76,,,,Maio/1996
Lig-alerta (aviso para motoristas distraidos),,18,76,,,,Maio/1996
Amplificador estéreo de 200W (PMPO),,21,76,,,,Maio/1996
Iluminação de emergência,,25,76,,,,Maio/1996
Rolha mágica,,27,76,,,,Maio/1996
Intercomunicador/porteiro eletrônico,,35,76,,,,Maio/1996
Medidor de consumo de eletrodomésticos,,38,76,,,,Maio/1996
Distorcedor de voz,,40,76,,,,Maio/1996
Autocar – fonte e sistema de som,,43,76,,,,Maio/1996
Medidor de isolamento,,46,76,,,,Maio/1996
Módulo digital de contagem,,49,76,,,,Maio/1996
Rádio numa caixa de fósforos,,52,76,,,,Maio/1996
Detector de metais,,54,76,,,,Maio/1996
Rádio-transmissor portátil PX,,58,76,,,,Maio/1996
Detector de escapa de calor,,61,76,,,,Maio/1996
Como funciona o telefone celular,,2,77,,,,Jan/Fev/Mar/1997
Como funcionam os modems e as BBSs,,10,77,,,,Jan/Fev/Mar/1997
Vírus e vermes,,14,77,,,,Jan/Fev/Mar/1997
Testes com o multímetro,,20,77,,,,Jan/Fev/Mar/1997
Acoplamento,,26,77,,,,Jan/Fev/Mar/1997
Como obter componentes,,34,77,,,,Jan/Fev/Mar/1997
Experiência de magnetismo,,40,77,,,,Jan/Fev/Mar/1997
Pré-amplificador de antena para PX,,41,77,,,,Jan/Fev/Mar/1997
Eletroímã,,44,77,,,,Jan/Fev/Mar/1997
Instalação elétrica,,45,77,,,,Jan/Fev/Mar/1997
Seleção de circuitos úteis,,46,77,,,,Jan/Fev/Mar/1997
Sensor óptico,,2,78,,,,Abr/Mai/Jun/1997
Transmissor telegráfico,,4,78,,,,Abr/Mai/Jun/1997
Condutividade de soluções,,6,78,,,,Abr/Mai/Jun/1997
Mini timer,,8,78,,,,Abr/Mai/Jun/1997
Instalando o som do carro,,10,78,,,,Abr/Mai/Jun/1997
Antena ativa para ondas curtas,,14,78,,,,Abr/Mai/Jun/1997
Rádio receptor para PX (11 metros),,17,78,,,,Abr/Mai/Jun/1997
Indutâncias,,27,78,,,,Abr/Mai/Jun/1997
Analisador de circuitos,,33,78,,,,Abr/Mai/Jun/1997
Medindo frequências com o multímetro,,38,78,,,,Abr/Mai/Jun/1997
Detector de metiras (polígrafo),,41,78,,,,Abr/Mai/Jun/1997
Projetos para estudantes,,2,79,,,,Jul/Ago/Set/1997
Como obter componentes,,3,79,,,,Jul/Ago/Set/1997
Criatividade com sucata,,7,79,,,,Jul/Ago/Set/1997
Como montar,,8,79,,,,Jul/Ago/Set/1997
O salto da rã,,10,79,,,,Jul/Ago/Set/1997
Reativador de pilhas,,12,79,,,,Jul/Ago/Set/1997
Solenóide de alta tensão,,14,79,,,,Jul/Ago/Set/1997
Transmissor de ondas curtas,,16,79,,,,Jul/Ago/Set/1997
Micro-teste,,18,79,,,,Jul/Ago/Set/1997
Transmissor de água e sal,,20,79,,,,Jul/Ago/Set/1997
Eletroímã ferradura,,22,79,,,,Jul/Ago/Set/1997
Metrônomo,,24,79,,,,Jul/Ago/Set/1997
Gerador de interferências em TV,,26,79,,,,Jul/Ago/Set/1997
Seleção de projetos rápidos,,28,79,,,,Jul/Ago/Set/1997
Micro luz rítmica,,35,79,,,,Jul/Ago/Set/1997
Mesa de som,,42,79,,,,Jul/Ago/Set/1997
Mini-projetos,,2,80,,,,Out/Nov/Dez/1997
Especial de som e multimidia,,2,80,,,,Out/Nov/Dez/1997
A instalação elétrica,,10,80,,,,Out/Nov/Dez/1997
FM/Multimidia,,17,80,,,,Out/Nov/Dez/1997
Som/Alto falantes/microfones,,20,80,,,,Out/Nov/Dez/1997
Booster multimidia de graves,,25,80,,,,Out/Nov/Dez/1997
Luzes rítmicas barra/ponto móvel,,29,80,,,,Out/Nov/Dez/1997
Trêmulo,,38,80,,,,Out/Nov/Dez/1997
Amplificador experimental com supertransistor,,43,80,,,,Out/Nov/Dez/1997
Transmissor de FM multimidia,,45,80,,,,Out/Nov/Dez/1997
Parada temporizada para trens miniaturas,,2,81,,,,Jan/Fev/Mar/1998
Robô para trabalhos escolares,,5,81,,,,Jan/Fev/Mar/1998
Conheça os solenóides,,8,81,,,,Jan/Fev/Mar/1998
Detector de umidade,,12,81,,,,Jan/Fev/Mar/1998
Chave de toque,,14,81,,,,Jan/Fev/Mar/1998
Guitarra diferente,,16,81,,,,Jan/Fev/Mar/1998
Nervo-teste,,20,81,,,,Jan/Fev/Mar/1998
Bomba de choque,,22,81,,,,Jan/Fev/Mar/1998
Mini eletrificador,,24,81,,,,Jan/Fev/Mar/1998
Controle remoto por raio de luz,,26,81,,,,Jan/Fev/Mar/1998
Um zumbidor,,33,81,,,,Jan/Fev/Mar/1998
Indicador de posição,,35,81,,,,Jan/Fev/Mar/1998
Eletrificador portátil,,37,81,,,,Jan/Fev/Mar/1998
Temporizador CMOS,,40,81,,,,Jan/Fev/Mar/1998
Detector de energia para feira de ciências,,43,81,,,,Jan/Fev/Mar/1998
Pesquisador óptico,,45,81,,,,Jan/Fev/Mar/1998
Mecatrônica – Caixa de redução,,2,82,,,,Abr/Mai/Jun/1998
Robótica na internet,,7,82,,,,Abr/Mai/Jun/1998
Controle para micromotores,,10,82,,,,Abr/Mai/Jun/1998
Acelerômetro,,14,82,,,,Abr/Mai/Jun/1998
Mini projetos de robótica e mecatrônica,,17,82,,,,Abr/Mai/Jun/1998
Potenciômetro,,25,82,,,,Abr/Mai/Jun/1998
Controle óptico para caixa de redução,,30,82,,,,Abr/Mai/Jun/1998
Circuitos de mecatrônica e robótica,,33,82,,,,Abr/Mai/Jun/1998
2 projetos fotoelétricos,,40,82,,,,Abr/Mai/Jun/1998
Estação transmissora de ondas curtas,,2,83,,,,Jul/Ago/Set/1998
Como instalar fluorescentes,,7,83,,,,Jul/Ago/Set/1998
O que fazer quando o PC não funciona,,10,83,,,,Jul/Ago/Set/1998
Como funciona o microfone,,14,83,,,,Jul/Ago/Set/1998
Projetos educacionais,,20,83,,,,Jul/Ago/Set/1998
Luz rítmica para graves e agudos,,25,83,,,,Jul/Ago/Set/1998
Nova versão da lâmpada de raios,,28,83,,,,Jul/Ago/Set/1998
Mais projetos educacionais,,34,83,,,,Jul/Ago/Set/1998
Endereços da Internet,,40,83,,,,Jul/Ago/Set/1998
Interruptor de toque,,44,83,,,,Jul/Ago/Set/1998
Sensor de Luz/umidade/temperatura,,2,84,,,,Out/Nov/Dez/1998
O transistor 2N3055,,10,84,,,,Out/Nov/Dez/1998
Monitor de tensão para o carro,,14,84,,,,Out/Nov/Dez/1998
Alarme universal com desarme externo,,16,84,,,,Out/Nov/Dez/1998
TVBB – TV Bass Booster,,20,84,,,,Out/Nov/Dez/1998
Semáfaro com LEDs bicolores,,24,84,,,,Out/Nov/Dez/1998
Chave digital de áudio,,27,84,,,,Out/Nov/Dez/1998
Projetos fotoelétricos,,30,84,,,,Out/Nov/Dez/1998
Defesa eletrônica,,38,84,,,,Out/Nov/Dez/1998
Luz de emergência de NiCad,,40,84,,,,Out/Nov/Dez/1998
Amplitena – Antena amplificada para FM/VHF,,42,84,,,,Out/Nov/Dez/1998
Conheça os microcontroladores PIC,,2,85,,,,Julho/2002
Três osciladores para o projetista,,5,85,,,,Julho/2002
Capacitores em curto,,10,85,,,,Julho/2002
Som automotivo – Soluções para seus problemas,,14,85,,,,Julho/2002
Aprenda a usar o osciloscópio,,17,85,,,,Julho/2002
Detector de transmissores espiões,,21,85,,,,Julho/2002
Converta os antigos Lps em CD,,25,85,,,,Julho/2002
Casa inteligente,,28,85,,,,Julho/2002
Transmissor experimental de ondas curtas,,41,85,,,,Julho/2002
Circuitos e soluções,,44,85,,,,Julho/2002
Fusíveis e disjuntores,,48,85,,,,Julho/2002
A eletricidade em nossa casa – O Choque elétrico,,52,85,,,,Julho/2002
Rádio OM/OC,,57,85,,,,Julho/2002
Práticas de service,,60,85,,,,Julho/2002
Controle de acesso biométrico,,2,86,,,,Set/Out/2002
Display serial com PIC,,4,86,,,,Set/Out/2002
SpayWall – espião em FM de parede,,9,86,,,,Set/Out/2002
Minuteria para chveiro elétrico,,12,86,,,,Set/Out/2002
Conheça os microcontroladores PIC,,14,86,,,,Set/Out/2002
Armadilha ecológica,,18,86,,,,Set/Out/2002
Manutenção eletrônica,,22,86,,,,Set/Out/2002
Como obter componentes,,28,86,,,,Set/Out/2002
Defeitos e soluções práticas,,32,86,,,,Set/Out/2002
Aquisição de dados pela porta paralela para o disco rígido,,35,86,,,,Set/Out/2002
Circuitos e soluções,,39,86,,,,Set/Out/2002
Fonte de luz ultravioleta para experiências,,41,86,,,,Set/Out/2002
Práticas de service,,43,86,,,,Set/Out/2002
Conheça os efeitos de som,,47,86,,,,Set/Out/2002
TIL160/TIL161 – chaves ópticas Darlington,,53,86,,,,Set/Out/2002
Seção do leitor,,54,86,,,,Set/Out/2002
Painel eletrônico para aeromodelismo,,57,86,,,,Set/Out/2002
TRANSNEW – Microtransmissor de FM,,59,86,,,,Set/Out/2002
Controle para casa inteligente,,2,87,,,,Nov/Dez/2002
Experimentos com fontes alternativas de energia,,9,87,,,,Nov/Dez/2002
Luz de energia de NiCad,,15,87,,,,Nov/Dez/2002
Protetor de computadores,,20,87,,,,Nov/Dez/2002
Sinal de Croma nos Videocasetes,,24,87,,,,Nov/Dez/2002
Repelente ultrassônico,,29,87,,,,Nov/Dez/2002
Alarme de falta de energia,,31,87,,,,Nov/Dez/2002
Ponte de Wheatstone,,35,87,,,,Nov/Dez/2002
Spot de efeitos especiais para games no PC,,38,87,,,,Nov/Dez/2002
Receptor regenerativo de válvula,,42,87,,,,Nov/Dez/2002
Conheça os SCRs,,45,87,,,,Nov/Dez/2002
Bongô Eletrônico,,47,87,,,,Nov/Dez/2002
Práticas de service,,50,87,,,,Nov/Dez/2002
Foto Aérea automática,,57,87,,,,Nov/Dez/2002
Seção do leitor,,63,87,,,,Nov/Dez/2002
Seção do leitor,,2,88,,,,Dezembro/2002
Controle de dispositivos pelo Internet Explorer,,3,88,,,,Dezembro/2002
Premiação/Vote nos melhores projetos,,8,88,,,,Dezembro/2002
Protetor de linha para 220V,,9,88,,,,Dezembro/2002
Dado eletrônico,,10,88,,,,Dezembro/2002
Shift Register Universal para controle de motor de passo nos dois sentidos,,11,88,,,,Dezembro/2002
Fonte de alimentação para walkman e diskman,,12,88,,,,Dezembro/2002
Luxímetro digital,,13,88,,,,Dezembro/2002
Amplifcador PWM para multimídia,,14,88,,,,Dezembro/2002
Gera-sustos,,14,88,,,,Dezembro/2002
Alarme residencial,,16,88,,,,Dezembro/2002
Efeito Fuzz para guitarra,,17,88,,,,Dezembro/2002
Transmissor de videocassete,,17,88,,,,Dezembro/2002
Interruptor para pólo de tomada,,18,88,,,,Dezembro/2002
Alarme de passagem,,19,88,,,,Dezembro/2002
Nobreak de 6V,,19,88,,,,Dezembro/2002
Timer de 10 a 60 minutos,,20,88,,,,Dezembro/2002
Amplifcador com mixer de VU de LEDs,,21,88,,,,Dezembro/2002
Fechadura codificada com senha de 8 digitos,,22,88,,,,Dezembro/2002
Sequenciador sonoro,,23,88,,,,Dezembro/2002
Campainha eletrônica para telefone,,24,88,,,,Dezembro/2002
Controle de volume por toque,,24,88,,,,Dezembro/2002
Alarme residencial 2,,26,88,,,,Dezembro/2002
Indicador audível de seta,,27,88,,,,Dezembro/2002
Potente transmissor de FM com uma etapa,,28,88,,,,Dezembro/2002
DJ virtual,,29,88,,,,Dezembro/2002
Transmissor de FM de 250W,,29,88,,,,Dezembro/2002
Cafeteira inteligente,,31,88,,,,Dezembro/2002
Fonte múltipla para bancada,,31,88,,,,Dezembro/2002
Calendário semanal,,33,88,,,,Dezembro/2002
Dispositivo de alarme noturno a LASER,,34,88,,,,Dezembro/2002
Alarme piscante,,36,88,,,,Dezembro/2002
Indicador de linha,,37,88,,,,Dezembro/2002
Circuito experimental para movimentar motor de passo,,38,88,,,,Dezembro/2002
Estação de solda – 2 temperaturas,,38,88,,,,Dezembro/2002
Controle de temperatura para ferro de solda,,40,88,,,,Dezembro/2002
Pisca-pisca Econômico,,41,88,,,,Dezembro/2002
Transmissor solar,,41,88,,,,Dezembro/2002
Chave sônica,,42,88,,,,Dezembro/2002
Sirene de 6 sons sequenciais para automóvel,,43,88,,,,Dezembro/2002
Testa-tudo,,43,88,,,,Dezembro/2002
Alarme de aproximação para motos,,44,88,,,,Dezembro/2002
Alarme com chave de código temporizada,,45,88,,,,Dezembro/2002
Indicador de aviso para campainha,,46,88,,,,Dezembro/2002
Transmissor de FM de 25W,,47,88,,,,Dezembro/2002
Iluminação de emergência,,48,88,,,,Dezembro/2002
Pré-amplificador com equalizador de 3 bandas,,49,88,,,,Dezembro/2002
Gerador de ondas do mar – Stereo relax,,50,88,,,,Dezembro/2002
Práticas de service,,51,88,,,,Dezembro/2002
Tranca codificada microcontrolada,,57,88,,,,Dezembro/2002
Chave de áudio digital,,61,88,,,,Dezembro/2002
Segurança eletrônica,,2,89,,,,Jan/Fev/2003
Controle remoto – Parte 1,,9,89,,,,Jan/Fev/2003
Reparando circuitos de sincronismo de televisores,,14,89,,,,Jan/Fev/2003
Motores de corrente contínua,,24,89,,,,Jan/Fev/2003
Automatismo biestável para relé,,28,89,,,,Jan/Fev/2003
Sirene dupla transistorizada,,32,89,,,,Jan/Fev/2003
Circuitos de tempo e intermitentes para o CI 4093,,35,89,,,,Jan/Fev/2003
Amaciador magnético de água,,40,89,,,,Jan/Fev/2003
Indicador de procedência,,45,89,,,,Jan/Fev/2003
Circuitos & soluções,,49,89,,,,Jan/Fev/2003
Práticas de service,,52,89,,,,Jan/Fev/2003
Seção do leitor,,57,89,,,,Jan/Fev/2003
Interface de controle para casa inteligente,,58,89,,,,Jan/Fev/2003
Notícias,,64,89,,,,Jan/Fev/2003
Contador de eventos temporizado com microcontrolador 8051,,2,90,,,,Mar/Abr/2003
Vigilância múltipla inteligente,,9,90,,,,Mar/Abr/2003
Os fornos de micro-ondas,,17,90,,,,Mar/Abr/2003
HA11716,,22,90,,,,Mar/Abr/2003
TDA2740,,23,90,,,,Mar/Abr/2003
M51015,,23,90,,,,Mar/Abr/2003
uPC1362C,,24,90,,,,Mar/Abr/2003
Temporização de precisão com CI 4020,,26,90,,,,Mar/Abr/2003
Teste de isolamento,,31,90,,,,Mar/Abr/2003
Circuitos & soluções,,34,90,,,,Mar/Abr/2003
Repelente ultrassônico,,36,90,,,,Mar/Abr/2003
TENS – A eletrônica vence a dor,,38,90,,,,Mar/Abr/2003
Práticas de service,,43,90,,,,Mar/Abr/2003
Eletricidade estática e capacitores,,49,90,,,,Mar/Abr/2003
Controle remoto – parte 2,,55,90,,,,Mar/Abr/2003
Notícias,,60,90,,,,Mar/Abr/2003
Controle por toque para automação,,62,90,,,,Mar/Abr/2003
Comunicação serial com Microcontrolador Motorola 68HC908GP32,,2,91,,,,Maio/Junho/2003
Up/Down – Contagem progressiva e Regressiva para automação,,6,91,,,,Maio/Junho/2003
Os osciloscópios na manutenção de aparelhos eletrônicos,,12,91,,,,Maio/Junho/2003
Sinalizador estroboscópico,,18,91,,,,Maio/Junho/2003
Transmissor de FM com FET,,20,91,,,,Maio/Junho/2003
Alarme de passagem,,22,91,,,,Maio/Junho/2003
Eletoimã ferradura,,25,91,,,,Maio/Junho/2003
Detector de psicoenergias,,29,91,,,,Maio/Junho/2003
Medidas de tensão em etapas transistorizadas,,32,91,,,,Maio/Junho/2003
Circuitos e soluções,,37,91,,,,Maio/Junho/2003
Práticas de service,,41,91,,,,Maio/Junho/2003
Controle remoto – Parte 3 – Controles tipo liga-desliga,,49,91,,,,Maio/Junho/2003
Inglês instrumental – Parte 1,,55,91,,,,Maio/Junho/2003
Redes com fio e o padrão IEEE 802.11,,56,91,,,,Maio/Junho/2003
Seção do leitor,,59,91,,,,Maio/Junho/2003
Gerador de números aleatórios,,60,91,,,,Maio/Junho/2003
Notícias,,10 – 16,91,,,,Maio/Junho/2003
Proteção perimetral – Cerca eletrificada,,2,92,,,Ano na capa está como 2002,Julho/2003
Display alfanumerico programável,,10,92,,,Ano na capa está como 2002,Julho/2003
Notícias,,14,92,,,Ano na capa está como 2002,Julho/2003
Projetos vencedores Premiação – como votar nos projetos,,16,92,,,Ano na capa está como 2002,Julho/2003
Alarme com acionamento por controle remoto,,17,92,,,Ano na capa está como 2002,Julho/2003
Tomada para ferro de soldar com 2 temperaturas,,18,92,,,Ano na capa está como 2002,Julho/2003
Controle automático para bomba d’agua,,18,92,,,Ano na capa está como 2002,Julho/2003
Voltímetro digital,,19,92,,,Ano na capa está como 2002,Julho/2003
Violão/Guitarra sem fio,,20,92,,,Ano na capa está como 2002,Julho/2003
Interface para controlar alarme e as travas elétricas do carro através de controle remoto,,21,92,,,Ano na capa está como 2002,Julho/2003
Savetron – Protetor de eletrodomésticos,,22,92,,,Ano na capa está como 2002,Julho/2003
Medidor de intensidade sonora,,22,92,,,Ano na capa está como 2002,Julho/2003
Osciladores de 8 tons,,24,92,,,Ano na capa está como 2002,Julho/2003
Transmissor de FM e VHF,,24,92,,,Ano na capa está como 2002,Julho/2003
Alpage – Alarme de passagem,,25,92,,,Ano na capa está como 2002,Julho/2003
Transmissor de FM de 4W,,26,92,,,Ano na capa está como 2002,Julho/2003
Flauta eletrônica digital,,27,92,,,Ano na capa está como 2002,Julho/2003
Porteiro eletrônico e campainha,,28,92,,,Ano na capa está como 2002,Julho/2003
Subwofer ativo para home theater,,29,92,,,Ano na capa está como 2002,Julho/2003
Protetor dde CC ajustável,,30,92,,,Ano na capa está como 2002,Julho/2003
Compressor de áudio,,30,92,,,Ano na capa está como 2002,Julho/2003
Alarme com sensor fixo e sensor programável,,32,92,,,Ano na capa está como 2002,Julho/2003
Controle de volume digital com PIC,,33,92,,,Ano na capa está como 2002,Julho/2003
Simples alarme residencial,,34,92,,,Ano na capa está como 2002,Julho/2003
Power Station – Transmissor de FM,,34,92,,,Ano na capa está como 2002,Julho/2003
Moto-Taxi eletrônico,,36,92,,,Ano na capa está como 2002,Julho/2003
Controle inteligente para telefone,,37,92,,,Ano na capa está como 2002,Julho/2003
Transmissor de FM com FET,,37,92,,,Ano na capa está como 2002,Julho/2003
Alarme residencial com controle remoto,,38,92,,,Ano na capa está como 2002,Julho/2003
Fechadura a cartão,,38,92,,,Ano na capa está como 2002,Julho/2003
Guia eletrônico para deficientes visuais,,39,92,,,Ano na capa está como 2002,Julho/2003
Práticas de service,,41,92,,,Ano na capa está como 2002,Julho/2003
Controle remoto – Parte 4 Sistema multicanal – reconhecimento de tom,,50,92,,,Ano na capa está como 2002,Julho/2003
Tecnologia ADSL Internet em banda larga,,56,92,,,Ano na capa está como 2002,Julho/2003
Inglês instrumental – Parte 2,,61,92,,,Ano na capa está como 2002,Julho/2003
Seção do leitor,,63,92,,,Ano na capa está como 2002,Julho/2003
Central Integrada de Segurança (Alarme e CFTV utilizando Relé Programável),,2,93,,,,
DSP: O Novo Motor da Revolução Digital,,14,93,,,,
Seção do Leitor,,17,93,,,,
ADC com Display usando o Microcontrolador 68HC908GP32,,18,93,,,,
Rádio Experimental com Gilete,,20,93,,,,
Massageador Magnético,,24,93,,,,
Alarme de Queda em Piscina,,28,93,,,,
Aplicações Dedicadas com DSP,,31,93,,,,
Diagnósticos e Reparação,,34,93,,,,
Tomografia Computadorizada & Ressonância Magnética - Como Funciona,,39,93,,,,
Práticas de Service,,42,93,,,,
Inglês Instrumental - parte 3,,49,93,,,,
Receptor Super Regenerativo de 4 Canais,,50,93,,,,
10 Projetos e Idéias Práticas,,57,93,,,,
Chave com Retardo,,57,93,,,,
Modulador Óptico TTL,,58,93,,,,
Amplificador Logarítmico,,59,93,,,,
Carregador de Nicad,,59,93,,,,
Receptor para Fotodiodo,,60,93,,,,
Gerador de Ruído Branco,,61,93,,,,
Detector de Metais,,61,93,,,,
Monoestável com Relé,,62,93,,,,
Tacômetro,,63,93,,,,
Zener Variável,,64,93,,,,
Inglês Intrumental,,2,94,,,,Set/Out/2003
Central de Segurança Programável,,3,94,,,,Set/Out/2003
Irrigador de Jardim Microcontrolado,,9,94,,,,Set/Out/2003
Microfone Parabólico,,17,94,,,,Set/Out/2003
Seção do Leitor,,20,94,,,,Set/Out/2003
Construa um Telefone Elementar,,22,94,,,,Set/Out/2003
Detector de Metais,,25,94,,,,Set/Out/2003
Reparando Controle Remoto,,27,94,,,,Set/Out/2003
Notícias,,28,94,,,,Set/Out/2003
Ionização Ambiente - parte 1,,29,94,,,,Set/Out/2003
Equipamentos e Reparos de TV em Cores e Circuitos Impressos,,33,94,,,,Set/Out/2003
AN6360,,38,94,,,,Set/Out/2003
"LM4858 - Amplificador Mono/Estéreo de 1,5 W",,38,94,,,,Set/Out/2003
HA1154,,40,94,,,,Set/Out/2003
CX13,,40,94,,,,Set/Out/2003
Cálculos de Circuitos,,41,94,,,,Set/Out/2003
Práticas de Service,,42,94,,,,Set/Out/2003
13 Projetos e Idéias Práticas,,49,94,,,,Set/Out/2003
PWM,,49,94,,,,Set/Out/2003
Modulador Óptico,,50,94,,,,Set/Out/2003
Sinalizador Sonoro TTL,,51,94,,,,Set/Out/2003
Controle Bidirecional de Motor DC,,51,94,,,,Set/Out/2003
Dimmer,,52,94,,,,Set/Out/2003
Circuito de Chamada Seletiva,,53,94,,,,Set/Out/2003
Detector de Ausência de Pulso,,54,94,,,,Set/Out/2003
"Fonte de 1,2/1,4 V",,55,94,,,,Set/Out/2003
Chave de Toque,,55,94,,,,Set/Out/2003
Reostato,,56,94,,,,Set/Out/2003
Detector de Ruídos,,57,94,,,,Set/Out/2003
Luz de Tempo,,58,94,,,,Set/Out/2003
Dimmer DC,,59,94,,,,Set/Out/2003
Os Sistemas Proporcionais - Servos,,60,94,,,,Set/Out/2003
Game Genius (com microcontrolador 16F84A),,2,95,,,,Nov/Dez/2003
Escada de Jacó,,10,95,,,,Nov/Dez/2003
Luz Rítmica,,14,95,,,,Nov/Dez/2003
Seguidor de Sinais,,17,95,,,,Nov/Dez/2003
Fonte de Alta Tensão para Foto-Flash,,21,95,,,,Nov/Dez/2003
Seção do Leitor,,22,95,,,,Nov/Dez/2003
Diodos da Série 1N4000,,24,95,,,,Nov/Dez/2003
LDO de 3 A MIC49300,,26,95,,,,Nov/Dez/2003
Transmissor de FM sem Eletreto,,28,95,,,,Nov/Dez/2003
Estetoscópio Submarino,,30,95,,,,Nov/Dez/2003
Alarme Psicológico,,32,95,,,,Nov/Dez/2003
Biofeedback Sonoro,,36,95,,,,Nov/Dez/2003
MICRF008 - Receptor UHF num Chip,,39,95,,,,Nov/Dez/2003
Carga e Descarga de um Capacitor,,40,95,,,,Nov/Dez/2003
Notícias,,41,95,,,,Nov/Dez/2003
Práticas de Service,,42,95,,,,Nov/Dez/2003
Inglês Instrumental,,49,95,,,,Nov/Dez/2003
Controle de Luminosidade com 68HC908QT4,,50,95,,,,Nov/Dez/2003
Driver de LED de Corrente Constante,,51,95,,,,Nov/Dez/2003
Entenda como Funcionam os Freios ABS,,52,95,,,,Nov/Dez/2003
Pseudoproporcional com LM3914,,56,95,,,,Nov/Dez/2003
Ionização Ambiente - Final (Projetos para Melhorar sua Saúde),,60,95,,,,Nov/Dez/2003
Seção do Leitor,,2,96,,,,Dezembro/2003
Sequencial de Efeitos de Luz com PIC,,4,96,,,,Dezembro/2003
Placas de Circuito Impresso - Métodos simples para você mesmo fazer,,6,96,,,,Dezembro/2003
Eletrificador de Cercas com Sidac,,12,96,,,,Dezembro/2003
Voltage - RMS and Average,,14,96,,,,Dezembro/2003
Notícias,,15,96,,,,Dezembro/2003
Projetos Vencedores/Premiação/Como Votar,,16,96,,,,Dezembro/2003
Testador de Controle Remoto,,17,96,,,,Dezembro/2003
Alarme com Sensor NA,,17,96,,,,Dezembro/2003
Reversor Digital para Motor DC,,18,96,,,,Dezembro/2003
Sirene Econômica de Ambulância,,20,96,,,,Dezembro/2003
Transmissor de 25 W para Rádio Comunitária,,20,96,,,,Dezembro/2003
Timer Transistorizado,,21,96,,,,Dezembro/2003
Alarme de Calor sem Relé,,22,96,,,,Dezembro/2003
Relógio Digital de 24 horas,,22,96,,,,Dezembro/2003
Alarme com Chip de Relógio,,24,96,,,,Dezembro/2003
Controle de Nível de Reservatório,,24,96,,,,Dezembro/2003
ROM Player,,26,96,,,,Dezembro/2003
Transmissor FM p/ Rádio Comunitária,,26,96,,,,Dezembro/2003
Pedal de Distorção sem Fio,,28,96,,,,Dezembro/2003
Bóia Eletrônica Inteligente,,29,96,,,,Dezembro/2003
Transmissor de 1 W para 40 m,,30,96,,,,Dezembro/2003
Sistema de Irrigação de 4 Canais,,30,96,,,,Dezembro/2003
Pisca-Pisca de Potência,,32,96,,,,Dezembro/2003
Despertador Luminoso,,32,96,,,,Dezembro/2003
Jogo Diodo,,33,96,,,,Dezembro/2003
Indicador de Ondas Estacionárias 27 MHz,,34,96,,,,Dezembro/2003
Proteção Visual-Sonora Inteligente,,34,96,,,,Dezembro/2003
"Alarme de Sobretensão de 13,8 V",,35,96,,,,Dezembro/2003
No-Break de 12 V,,36,96,,,,Dezembro/2003
Transmissor de FM Pseudo-Estéreo de 2 W,,36,96,,,,Dezembro/2003
Reversor para Motor DC com Sensor Infravermelho,,38,96,,,,Dezembro/2003
PTT para HT-VHF,,39,96,,,,Dezembro/2003
Receptor para 49 MHz,,39,96,,,,Dezembro/2003
"Conversor de Tensão de 12/15 V para 9,6 V x 1,5 A",,40,96,,,,Dezembro/2003
Etapa Simétrica de Potência para Transmissor de FM,,40,96,,,,Dezembro/2003
Antena de 5/8 para Rádio Comunitária,,41,96,,,,Dezembro/2003
Práticas de Service,,42,96,,,,Dezembro/2003
Aprendendo Eletrônica Digital - Sorteador Binário,,49,96,,,,Dezembro/2003
Como Ajustar Transmissores,,52,96,,,,Dezembro/2003
Quando uma Montagem não Funciona,,56,96,,,,Dezembro/2003
Sistemas Atuadores,,60,96,,,,Dezembro/2003
Conversor de 0-5 V para Sensores de 4-20 mA,,63,96,,,,Dezembro/2003
Seção do Leitor,,2,97,,,,Jan/Fev/2004
Casa Inteligente - Central de Segurança Programável (Alarme e Controle para lâmpadas externas),,3,97,,,,Jan/Fev/2004
Voltímetro 0-25 V com Microcontrolador 68HC908QY4,,8,97,,,,Jan/Fev/2004
GPS - Global Positioning System,,10,97,,,,Jan/Fev/2004
Notícias,,12,97,,,também na pág. 57,Jan/Fev/2004
Contador Binário até 99,,14,97,,,,Jan/Fev/2004
Alarme de Passagem,,17,97,,,,Jan/Fev/2004
Robôs e Controle Remoto,,20,97,,,,Jan/Fev/2004
Teste de Capacitores,,22,97,,,,Jan/Fev/2004
Alerta de Estacionamento,,24,97,,,,Jan/Fev/2004
Lâmpada Mágica,,27,97,,,,Jan/Fev/2004
O que Você Precisa Saber Sobre os Osciladores,,30,97,,,,Jan/Fev/2004
Os Transistores da Série TIP31,,34,97,,,,Jan/Fev/2004
Construa um Nervo-Teste,,36,97,,,,Jan/Fev/2004
Minuteria para até duas Horas,,40,97,,,,Jan/Fev/2004
Práticas de Service,,43,97,,,,Jan/Fev/2004
Mecânica do Videocassete,,49,97,,,,Jan/Fev/2004
Controles Codificados,,54,97,,,,Jan/Fev/2004
Eletroestimulador,,58,97,,,,Jan/Fev/2004
Reparação de DVDs,,62,97,,,,Jan/Fev/2004
Sistema de Vídeo-Segurança Monitorado via Internet/Intranet,,2,98,,,,Mar/Abr/2004
Microcontrolador PIC - Dicas para Montagens com Sucesso,,12,98,,,,Mar/Abr/2004
Controle de Motor de Passo com o 68HC908GP32,,16,98,,,,Mar/Abr/2004
Gravador Sensorial,,18,98,,,,Mar/Abr/2004
Potência RMS X PMPO,,20,98,,,,Mar/Abr/2004
Seqüencial de 6 Canais,,22,98,,,,Mar/Abr/2004
Som Remoto para o PC,,26,98,,,,Mar/Abr/2004
Módulo Amplificador de 8 Wrms,,28,98,,,,Mar/Abr/2004
Notícias,,30,98,,,também na pág. 44,Mar/Abr/2004
Divisor de 3 Canais para Sistemas de Som,,32,98,,,,Mar/Abr/2004
Usando o Computador em Controle Remoto,,36,98,,,,Mar/Abr/2004
Seção do Leitor,,39,98,,,,Mar/Abr/2004
Orientando as Antenas Parabólicas,,40,98,,,,Mar/Abr/2004
Práticas de Service,,45,98,,,,Mar/Abr/2004
"Casa Inteligente (Irrigador de Jardim, Controle para Nível de Piscinas, Aquecimento Central de Água)",,49,98,,,,Mar/Abr/2004
Linguagem C na Eletrônica - parte 1,,52,98,,,,Mar/Abr/2004
Inglês Instrumental,,56,98,,,,Mar/Abr/2004
Manutenção de Impressoras - Fontes de Alimentação,,58,98,,,,Mar/Abr/2004
"Controle de ""Portarias"" com µDx",,2,99,,,,Mai/Jun/2004
Potenciômetro Digital Controlado com Microcontrolador 68HC908GP32,,6,99,,,,Mai/Jun/2004
"Linguagem ""C"" na Eletrônica - parte 2",,8,99,,,,Mai/Jun/2004
Por dentro do Sol,,13,99,,,,Mai/Jun/2004
Conheça o 4017,,17,99,,,,Mai/Jun/2004
O Sensor de Presença,,22,99,,,,Mai/Jun/2004
Notícias,,23,99,,,"também nas pág. 30, 34",Mai/Jun/2004
LEDs Hipnóticos,,24,99,,,,Mai/Jun/2004
Telégrafo de 2 Vias,,28,99,,,,Mai/Jun/2004
Transcodificação,,31,99,,,,Mai/Jun/2004
O Divisor Capacitivo de Tensão,,33,99,,,,Mai/Jun/2004
Eletrodomésticos com Elementos de Aquecimento,,35,99,,,,Mai/Jun/2004
Testando FETs com o Multímetro,,38,99,,,,Mai/Jun/2004
Provador de Continuidade,,40,99,,,,Mai/Jun/2004
Práticas de Service,,42,99,,,,Mai/Jun/2004
Notícias - FEBRACE 2004,,49,99,,,,Mai/Jun/2004
Inglês Instrumental,,50,99,,,,Mai/Jun/2004
Procedimentos de Limpeza em VCRs,,52,99,,,,Mai/Jun/2004
Usando o Computador - A Porta Serial,,56,99,,,,Mai/Jun/2004
Seção do Leitor,,59,99,,,,Mai/Jun/2004
Relaxamento e Insônia - Usando o Ruído Branco,,60,99,,,,Mai/Jun/2004
Protetor/Bloqueador para Modems,,2,100,,,,
"Linguagem ""C"" na Eletrônica - parte 3",,7,100,,,,
Como Ganhar Dinheiro com a Eletrônica,,12,100,,,,
Projetos Vencedores/Premiação/Como Votar,,16,100,,,,
Testador de Campainha Telefônica,,17,100,,,,
Sigilo Automático Telefônico,,17,100,,,,
Verificador de Aterramento Computador,,18,100,,,,
"""Chucrute"" para Rádio PX de 40 Canais",,18,100,,,,
Fonte para Disc-Man,,19,100,,,,
Transmissor de Radiocomando de 4 Canais,,19,100,,,,
Teste de Controle Remoto IR,,20,100,,,,
Transmissor de TV,,20,100,,,,
Transmissor de TV de 50 W,,22,100,,,,
Efeito de Som,,23,100,,,,
Transmissor PX de 4 W,,23,100,,,,
Controlador Simples de Bomba D'água de 2 Níveis,,24,100,,,,
Teclado com Partitura,,24,100,,,,
Sensor de Queda de Tensão CA,,26,100,,,,
Alarme Automotivo,,27,100,,,,
Controle Remoto por Infravermelho,,28,100,,,,
Transmissor de FM de 2 W,,28,100,,,,
Transmissor de FM p/ Rádio Comunitária 15 W,,29,100,,,,
Liga/Desliga por Controle Remoto,,30,100,,,,
Transmissor de FM para 3 km,,30,100,,,,
Amplificador de RF de 500 W p/ Emissoras de FM,,31,100,,,,
Alarme Temporizado para Carro,,32,100,,,,
Pisca-Alerta para Alarme,,33,100,,,,
Pisca-Pisca,,33,100,,,,
Indicador para interruptor de Lâmpada Compacta,,34,100,,,,
Central Telefônica Interna de até 9 Ramais,,34,100,,,,
Robô de Esteiras Controlado por Joystick,,36,100,,,,
Sensor de Corrente Alternada Constante,,37,100,,,,
Controlador de Temperatura Sinalizado,,38,100,,,,
Sirene por Controle Remoto Temporizado,,38,100,,,,
Transmissor de FM de 2 W com 6 Frequências,,39,100,,,,
Programador para Relógio Digital,,40,100,,,,
Proteção e Segurança Visual Inteligente,,41,100,,,,
Práticas de Service,,42,100,,,,
White Noise and Pink Noise,,50,100,,,,
Cronômetro Digital Didático,,52,100,,,,
Seção do Leitor,,57,100,,,,
Vozes do Além,,58,100,,,,
Três Circuitos Práticos com PIC16F628A,,2,101,,,,Jul/Ago/2004
Controle de Teclado Matricial,,2,101,,,,Jul/Ago/2004
Controle de Display de Cristal Líquido,,4,101,,,,Jul/Ago/2004
Controle de Motor de Passos,,6,101,,,,Jul/Ago/2004
O PC na Bancada,,8,101,,,,Jul/Ago/2004
"Linguagem ""C"" - parte IV",,13,101,,,,Jul/Ago/2004
Inglês Instrumental,,17,101,,,,Jul/Ago/2004
Quatro Montagens com o 4093,,19,101,,,,Jul/Ago/2004
Bargraph ou Indicador de Barras Móvel,,19,101,,,,Jul/Ago/2004
LED ou Relé Ativado por Som,,20,101,,,,Jul/Ago/2004
"""Flasher"" para Lâmpada com Ciclo Ativo Programado",,21,101,,,,Jul/Ago/2004
Pequeno Órgão Eletrônico,,22,101,,,,Jul/Ago/2004
Guitarra sem Fio,,24,101,,,,Jul/Ago/2004
Usando Microprocessador,,27,101,,,,Jul/Ago/2004
Relé Ativado por Vídeo,,29,101,,,,Jul/Ago/2004
Varredura Horizontal e MAT,,31,101,,,,Jul/Ago/2004
Testes Dinâmicos de Componentes,,35,101,,,,Jul/Ago/2004
Luz Negra,,38,101,,,,Jul/Ago/2004
Como usar Potenciômetros e Trimpots,,40,101,,,,Jul/Ago/2004
As Válvulas,,43,101,,,,Jul/Ago/2004
Práticas de Service,,46,101,,,,Jul/Ago/2004
Seção do Leitor,,49,101,,,,Jul/Ago/2004
Amplificador BTL,,51,101,,,,Jul/Ago/2004
Usando o Celular Como Controle Remoto,,56,101,,,,Jul/Ago/2004
Radiestesia,,60,101,,,,Jul/Ago/2004
Utilizando o Celular como Controle Remoto - parte 2,,2,102,,,,Set/Out/2004
O PC na Bancada - parte 2,,7,102,,,,Set/Out/2004
Linguagem C - parte V,,12,102,,,,Set/Out/2004
Seção do Leitor,,17,102,,,,Set/Out/2004
Inglês Instrumental,,18,102,,,,Set/Out/2004
Notícias,,19,102,,,também na pág. 37,Set/Out/2004
O Diodo Schottky,,20,102,,,,Set/Out/2004
Construa um Telefone,,22,102,,,,Set/Out/2004
Rádio AM,,24,102,,,,Set/Out/2004
Micro-Timer,,25,102,,,,Set/Out/2004
Medidor de Umidade,,26,102,,,,Set/Out/2004
Lançador de Foguetes,,27,102,,,,Set/Out/2004
Metrônomo,,28,102,,,,Set/Out/2004
Gerador de Alta Tensão Experimental,,29,102,,,,Set/Out/2004
Micro Luz de Emergência,,31,102,,,,Set/Out/2004
Foto-Motor 1,,32,102,,,,Set/Out/2004
Foto-Motor 2,,33,102,,,,Set/Out/2004
Alarme de Falta de Luz,,33,102,,,,Set/Out/2004
Repetidor AM,,35,102,,,,Set/Out/2004
Potente Transmissor Valvulado de OM/OC,,38,102,,,,Set/Out/2004
Localizando Defeitos em DVDs e Videocassetes,,42,102,,,,Set/Out/2004
P1200S/P2000S SIDACtors,,44,102,,,,Set/Out/2004
Práticas de Service,,45,102,,,,Set/Out/2004
Telepatia e Telecinesia,,49,102,,,,Set/Out/2004
Câmeras Fotográficas Digitais,,54,102,,,,Set/Out/2004
Conectando um Microcontrolador a um PC,,59,102,,,,Set/Out/2004
LEDs com Efeito Microcontrolado - Árvore de Natal Microcontrolada,,2,103,,,,Nov/Dez/2004
Curso de Instrumentação - Lição 1: Unidades Elétricas,,7,103,,,,Nov/Dez/2004
5 Microtransmissores de FM em 1,,11,103,,,,Nov/Dez/2004
Seção do Leitor,,17,103,,,,Nov/Dez/2004
Usando até 5 Interrupções Externas nos Microcontroladores 80C51,,18,103,,,,Nov/Dez/2004
Rádio Solar,,20,103,,,,Nov/Dez/2004
Circuitos Eletrônicos para Fluorescentes,,22,103,,,,Nov/Dez/2004
Construa um Variac,,24,103,,,,Nov/Dez/2004
Notícias,,26,103,,,também na pág. 31,Nov/Dez/2004
Tiristores como Relés e Chaves,,27,103,,,,Nov/Dez/2004
Inglês Instrumental,,30,103,,,,Nov/Dez/2004
Multímetros Profissionais,,32,103,,,,Nov/Dez/2004
Conheça o LM3914,,34,103,,,,Nov/Dez/2004
OVINIs e Outros Fenômenos,,42,103,,,,Nov/Dez/2004
Práticas de Service,,45,103,,,,Nov/Dez/2004
Sistema de Backup Celular,,49,103,,,,Nov/Dez/2004
Linguagem C - parte VI,,52,103,,,,Nov/Dez/2004
Controle PWM com PIC16F628A,,56,103,,,,Nov/Dez/2004
PC na Bancada - Microcontroladores e suas ferramentas de desenvolvimento,,60,103,,,,Nov/Dez/2004
Cronômetro de 3 Dígitos com PIC16F628,,2,104,,,,Dezembro/2004
Curso de Instrumentação - Lição 2: O Galvonômetro,,8,104,,,,Dezembro/2004
O PC na Bancada - parte 4,,12,104,,,,Dezembro/2004
Seção do Leitor,,15,104,,,,Dezembro/2004
Projetos Vencedores/Premiação,,16,104,,,,Dezembro/2004
Transmissor de FM Estéreo de 7 W,,17,104,,,,Dezembro/2004
Fonte de 60.000 Volts,,18,104,,,,Dezembro/2004
"Transceptor para 27 MHz com 1,5 W",,18,104,,,,Dezembro/2004
Medidor de Intensidade de Campo,,19,104,,,,Dezembro/2004
Teste Duplex para Cordão Telefônico,,20,104,,,,Dezembro/2004
Estação de Solda com Dimmer,,20,104,,,,Dezembro/2004
Mixer,,21,104,,,,Dezembro/2004
Controle Remoto Acústico,,22,104,,,,Dezembro/2004
Modulador Estéreo MPX,,22,104,,,,Dezembro/2004
Acionador Sonoro e Visual,,24,104,,,,Dezembro/2004
Biestável com 555,,24,104,,,,Dezembro/2004
Pisca Alternado para Veículos de Segurança,,25,104,,,,Dezembro/2004
Pisca-Néon,,25,104,,,,Dezembro/2004
Transmissor de FM de 25 W,,26,104,,,,Dezembro/2004
"Fonte Potente de 13,8 V x 20 A",,27,104,,,,Dezembro/2004
Simulador de Linha Telefônica,,28,104,,,,Dezembro/2004
Lâmpada de Série Multiplex,,28,104,,,,Dezembro/2004
Testador de Controle Remoto Infravermelho,,29,104,,,,Dezembro/2004
Transmissor de FM de 1 W,,29,104,,,,Dezembro/2004
Transmissor para TV Comunitária - 10 W,,30,104,,,,Dezembro/2004
Voltímetro,,31,104,,,,Dezembro/2004
Starter para Aeromodelismo,,32,104,,,,Dezembro/2004
Fonte de Alimentação com 2 Saídas Ajustáveis,,32,104,,,,Dezembro/2004
Central de Iluminação Noturna Automática,,34,104,,,,Dezembro/2004
Transmissor de FM de 5 W,,34,104,,,,Dezembro/2004
Monitor de Extensão com Linha Ocupada,,35,104,,,,Dezembro/2004
Pedal WAA-WAA sem Fio para Guitarra,,36,104,,,,Dezembro/2004
Alarme com Busca Automática de Sensor Aberto,,36,104,,,,Dezembro/2004
Monitor de Sigilo Automático para Telefone,,38,104,,,,Dezembro/2004
Pré-Amplificador de Áudio,,38,104,,,,Dezembro/2004
Stroboluz para Equipamentos de Som,,39,104,,,,Dezembro/2004
Abajur de Raios,,40,104,,,,Dezembro/2004
Teste de Capacitores Eletrolíticos de Alta Tensão,,40,104,,,,Dezembro/2004
Fonte Variável com Zener - 0 a 12 V x 3 A,,41,104,,,,Dezembro/2004
Práticas de Service,,42,104,,,,Dezembro/2004
Linguagem C - parte 7,,49,104,,,,Dezembro/2004
Notícias,,53,104,,,também na pág. 57,Dezembro/2004
Linguagens de Programação: Qual delas Usar,,54,104,,,,Dezembro/2004
Telefone sem Fio,,59,104,,,,Dezembro/2004
Porta Paralela - Aprenda a Usar parte 1,,2,105,,,,Jan/Fev/2005
Curso de Instrumentação - Lição 3: O Multímetro,,9,105,,,,Jan/Fev/2005
Eletrônica no Automóvel,,13,105,,,,Jan/Fev/2005
Thyristores,,17,105,,,,Jan/Fev/2005
Analisador de Controle Remoto,,19,105,,,,Jan/Fev/2005
Notícias,,21,105,,,"também nas pág. 37, 42",Jan/Fev/2005
Conheça os Contadores Digitais - I,,22,105,,,,Jan/Fev/2005
Procedimentos Básicos para o Reparo de VCRs e DVDs,,28,105,,,,Jan/Fev/2005
Os Varicaps,,30,105,,,,Jan/Fev/2005
Experiências de Ciências com o Multímetro,,34,105,,,,Jan/Fev/2005
Extensão para Controle Remoto,,38,105,,,,Jan/Fev/2005
Sirene com FET de Potência,,40,105,,,,Jan/Fev/2005
Práticas de Service,,43,105,,,,Jan/Fev/2005
Abajur de Toque,,50,105,,,,Jan/Fev/2005
Sirene Modulada para Alarmes,,53,105,,,,Jan/Fev/2005
"""Timer"" de Bolso",,56,105,,,,Jan/Fev/2005
Intercomunicador,,58,105,,,,Jan/Fev/2005
"Luz Rítmica ""Plugável""",,61,105,,,,Jan/Fev/2005
Seção do Leitor,,63,105,,,,Jan/Fev/2005
Metamorfose Digital,,2,106,,,,Mar/Abr/2005
Tacômetro de Uso Geral,,6,106,,,,Mar/Abr/2005
Injetor de Sinais,,8,106,,,,Mar/Abr/2005
Timer com Acionamento por Toque,,10,106,,,,Mar/Abr/2005
Bio-Controle,,14,106,,,,Mar/Abr/2005
Rádio-Relógios e Relógios Eletrônicos,,17,106,,,,Mar/Abr/2005
Power Transistors,,24,106,,,,Mar/Abr/2005
Ignição por Descarga Capacitiva,,26,106,,,,Mar/Abr/2005
Os Inversores,,30,106,,,,Mar/Abr/2005
Harmônicas e Filtros,,34,106,,,,Mar/Abr/2005
Conheça os Contadores Digitais - parte 2,,38,106,,,,Mar/Abr/2005
Projetos Educacionais,,41,106,,,,Mar/Abr/2005
Seção do Leitor,,45,106,,,,Mar/Abr/2005
Práticas de Service,,46,106,,,,Mar/Abr/2005
Porta Paralela - Aprenda a Usar - parte 2: Ampliando o número de entradas,,50,106,,,,Mar/Abr/2005
Aprenda controlar Displays de LEDs com microcontrolador - parte 1,,55,106,,,,Mar/Abr/2005
Curso de Instrumentação - Lição 4: Uso dos Multímetros nas Medidas Básicas,,61,106,,,,Mar/Abr/2005
Aprenda a Controlar Displays de LEDs com Microcontrolador - Final,,2,107,,,,Mai/Jun/2005
Porta Paralela - Aprenda a Usar - parte final: Unindo os Ampliadores de Entradas e Saídas,,8,107,,,,Mai/Jun/2005
TV por Assinatura (Cabo e Satélite),,12,107,,,,Mai/Jun/2005
Seção do Leitor,,16,107,,,,Mai/Jun/2005
5 Projetos com o 4093,,17,107,,,,Mai/Jun/2005
Interruptor Noturno,,17,107,,,,Mai/Jun/2005
Pulsador Luminoso Alternado,,18,107,,,,Mai/Jun/2005
Gerador de Sons/Ultra-Sons,,19,107,,,,Mai/Jun/2005
Nervo-Teste,,20,107,,,,Mai/Jun/2005
Timer Indicador de Barra Móvel de 4 LEDs,,21,107,,,,Mai/Jun/2005
Rádio Transistorizado como Amplificador,,23,107,,,,Mai/Jun/2005
Como Gravar Conversas Telefônicas,,24,107,,,,Mai/Jun/2005
Como Eliminar Roncos,,26,107,,,,Mai/Jun/2005
Antenas de Carro,,30,107,,,,Mai/Jun/2005
Conheça o TLC555M (555CMOS),,33,107,,,,Mai/Jun/2005
O Fantástico 555,,34,107,,,,Mai/Jun/2005
Configurações,,42,107,,,,Mai/Jun/2005
Notícias,,44,107,,,"também nas pág. 58, 63",Mai/Jun/2005
Práticas de Service,,45,107,,,,Mai/Jun/2005
Gerador de Sinais Retangulares,,50,107,,,,Mai/Jun/2005
Módulo Amplificador LM386,,52,107,,,,Mai/Jun/2005
Estimulador de Nervos,,54,107,,,,Mai/Jun/2005
Barra de LEDs Rítmicos,,56,107,,,,Mai/Jun/2005
Curso de Instrumentação - Lição 5: Multímetro no Teste de Componentes,,59,107,,,,Mai/Jun/2005
Fechadura Microcontrolada com PIC FMP-I,,2,108,,,,Junho/2005
Desenvolvimento de Projetos Utilizando Microcontroladores,,8,108,,,,Junho/2005
Telefone - Extensão com Chamada Bilateral,,12,108,,,,Junho/2005
Projetos Vencedores/Premiação,,16,108,,,,Junho/2005
Controle para Servomotor,,17,108,,,,Junho/2005
Timer para Culinária,,17,108,,,,Junho/2005
Tratador Eletrônico para Cães e Gatos,,18,108,,,,Junho/2005
Central de Vigilância,,18,108,,,,Junho/2005
Controle Remoto Infravermelho,,20,108,,,,Junho/2005
Transmissor de FM de 5 W,,21,108,,,,Junho/2005
"Oscilador de 4,5 MHz",,21,108,,,,Junho/2005
Transmissor de FM de 7 W,,22,108,,,,Junho/2005
Transmissor de Controle Remoto de 4 Canais,,22,108,,,,Junho/2005
Teste de Lâmpadas Fluorescentes,,23,108,,,,Junho/2005
Controle de Temperatura para Ferro de Soldar,,23,108,,,,Junho/2005
Gravador de Áudio Digital,,24,108,,,,Junho/2005
Cerca Elétrica,,25,108,,,,Junho/2005
Transmissor de FM de 40 W,,26,108,,,,Junho/2005
Engana-Ladrão,,27,108,,,,Junho/2005
Mixer Passivo,,27,108,,,,Junho/2005
Transmissor de FM Potente,,28,108,,,,Junho/2005
Booster de Potência,,28,108,,,,Junho/2005
Pisca-Pisca com Foto-Sensor,,29,108,,,,Junho/2005
Timer para Lâmpada,,29,108,,,,Junho/2005
Sistema de Controle Remoto Monocanal por RF,,30,108,,,,Junho/2005
Alarme Anti-Furto para Carro,,31,108,,,,Junho/2005
Liga/Desliga para Lâmpada por Infravermelho,,32,108,,,,Junho/2005
Amplificador de 400 W,,32,108,,,,Junho/2005
Transmissor de 15 W para 50 MHz,,33,108,,,,Junho/2005
Link de 1000 metros de Alcance,,34,108,,,,Junho/2005
Relé Ativado por Relógio,,34,108,,,,Junho/2005
Gerador de Distorção para Guitarras,,35,108,,,,Junho/2005
Fonte Variável com Voltímetro Digital,,36,108,,,,Junho/2005
Luminária Automática para Telefone,,37,108,,,,Junho/2005
Estação de Solda+Fontes,,38,108,,,,Junho/2005
Controle de Iluminação Residencial por Telefone,,38,108,,,,Junho/2005
Comutador de Antenas para PX via PTT,,40,108,,,,Junho/2005
Uá-Uá Diferente para Guitarra,,41,108,,,,Junho/2005
Práticas de Service,,42,108,,,,Junho/2005
"Palavras com ""ever""",,49,108,,,,Junho/2005
Curso de Instrumentação - Lição 6: Detectando Defeitos com o Multímetro,,50,108,,,,Junho/2005
Controle Programável com Componentes Comuns,,54,108,,,,Junho/2005
Amplificador Multimídia,,58,108,,,,Junho/2005
Dimmer,,62,108,,,,Junho/2005
Teste Microcontrolado para Cabos de Rede,,2,109,,,,Jul/Ago/2005
Monitor Microcontrolado para Cooler de PC,,7,109,,,,Jul/Ago/2005
Manutenção de Impressoras Jato de Tinta,,12,109,,,,Jul/Ago/2005
Séries Comuns de Diodos Zener,,17,109,,,,Jul/Ago/2005
Dimmers e Controles de Potência,,20,109,,,,Jul/Ago/2005
Detecção da Radiação Atômica,,23,109,,,,Jul/Ago/2005
Os Sistemas PAL e NTSC,,26,109,,,,Jul/Ago/2005
Eliminadores de Pilhas ou Adaptadores AC/DC,,30,109,,,,Jul/Ago/2005
Notícias,,35,109,,,também na pág. 45,Jul/Ago/2005
Flip-Flops TTL,,36,109,,,,Jul/Ago/2005
Circuitos de Tempo com o 4093,,40,109,,,,Jul/Ago/2005
Rádio AM,,43,109,,,,Jul/Ago/2005
Práticas de Service,,46,109,,,,Jul/Ago/2005
Programador Horário Digital Semanal,,49,109,,,,Jul/Ago/2005
Entendendo as Folhas de Especificações,,52,109,,,,Jul/Ago/2005
Problemas com a Saída de Vídeo de Monitores,,54,109,,,,Jul/Ago/2005
Curso de Instrumentação - Lição 7: O Osciloscópio,,58,109,,,,Jul/Ago/2005
Teste de 555,,,109,,,número de página coberto por carimbo no exemplar digitalizado,Jul/Ago/2005
Comunicação Microwire,,2,110,,,,Set/Out/2005
Controle de acesso com Smart Cards utilizando microcontrolador PIC,,10,110,,,,Set/Out/2005
Seção do leitor,,17,110,,,,Set/Out/2005
Pronome usado como sujeito ou objeto de um verbo,,19,110,,,,Set/Out/2005
O que é preciso saber sobre alimentação de monitores,,21,110,,,,Set/Out/2005
O que são Smart Cards?,,26,110,,,,Set/Out/2005
Conectando um microcontrolador à porta USB,,30,110,,,,Set/Out/2005
Alarme de geladeira,,34,110,,,,Set/Out/2005
Curso de Instrumentação - Lição 8: Observação de formas de onda,,36,110,,,,Set/Out/2005
Práticas de Service,,40,110,,,,Set/Out/2005
Os instrumentos da oficina,,43,110,,,,Set/Out/2005
Freqüencímetro digital para PIC,,44,110,,,,Set/Out/2005
Ping-Pong microcontrolado,,54,110,,,,Set/Out/2005
Módulos híbridos,,58,110,,,,Set/Out/2005
Galvanômetro experimental,,61,110,,,,Set/Out/2005
Eletrônicos politicamente corretos,,3,111,,,,Nov/Dez/2005
Segurança perimetral,,4,111,,,,Nov/Dez/2005
Termômetro digital com microcontrolador PIC,,17,111,,,,Nov/Dez/2005
Seção do leitor,,24,111,,,,Nov/Dez/2005
Cuidados com os prefixos,,26,111,,,,Nov/Dez/2005
Monitor de presença sem fio,,28,111,,,,Nov/Dez/2005
O futuro é agora,,30,111,,,,Nov/Dez/2005
Transmissor de acionamento aleatório,,34,111,,,,Nov/Dez/2005
Figuras de Lissajous,,38,111,,,,Nov/Dez/2005
Práticas de service,,42,111,,,,Nov/Dez/2005
Freqüencímetro digital para 8051,,44,111,,,,Nov/Dez/2005
Bingo Com PIC - BP-1,,50,111,,,,Nov/Dez/2005
Display de sete segmentos com LEDs e comunicação serial,,59,111,,,,Nov/Dez/2005
Seção do leitor,,2,112,,,,Dezembro/2005
Árvore de Natal microcontrolada,,4,112,,,,Dezembro/2005
"Projeto dos Leitores (edição ""Fora de Série"" com 50 projetos enviados por leitores, da pág. 10 em diante)",,10,112,,,títulos individuais dos 50 projetos não catalogados nesta passada — não há lista compacta no índice original como em outras edições Fora de Série; ver revista física,Dezembro/2005
Práticas de service,,46,112,,,,Dezembro/2005
Plural e Singular - Verbos,,50,112,,,,Dezembro/2005
Relógio digital didático,,52,112,,,,Dezembro/2005
Outros Instrumentos e Instrumentos virtuais,,58,112,,,,Dezembro/2005
Seção do leitor,,3,113,,,,Jan/Fev/2006
A eletrônica que salva vidas,,4,113,,,,Jan/Fev/2006
Minicurso de projetos eletrônicos com Electronics Workbench - parte 1,,6,113,,,,Jan/Fev/2006
Contador de eventos microcontrolado CEM-1,,10,113,,,,Jan/Fev/2006
Sistema internacional de unidades,,17,113,,,,Jan/Fev/2006
Projetos de fontes simétricas,,20,113,,,,Jan/Fev/2006
Triplicador de tensão,,23,113,,,,Jan/Fev/2006
Protocolo de comunicação X-10,,26,113,,,,Jan/Fev/2006
Conheça a deriva térmica,,29,113,,,,Jan/Fev/2006
Localizador de cabos,,33,113,,,,Jan/Fev/2006
Os LEDs,,35,113,,,,Jan/Fev/2006
Uma sirene potente para alarmes,,39,113,,,,Jan/Fev/2006
Práticas de service,,42,113,,,,Jan/Fev/2006
Gravador ET-AVR1,,50,113,,,,Jan/Fev/2006
Porta lógica com PIC: PL-PIC,,60,113,,,,Jan/Fev/2006
Controle remoto IR,,2,114,,,,Mar/Abr/2006
Radiogoniômetro,,14,114,,,,Mar/Abr/2006
Seção do leitor,,17,114,,,,Mar/Abr/2006
Informações técnicas na Internet,,18,114,,,,Mar/Abr/2006
Histerese,,21,114,,,,Mar/Abr/2006
"Equipamentos médicos, um pouco de história e tecnologias",,24,114,,,,Mar/Abr/2006
Fonte fixa com transistor 6/9/12 V x 500 mA/1 A,,28,114,,,,Mar/Abr/2006
O videocassete estéreo,,30,114,,,,Mar/Abr/2006
Interruptor infravermelho,,32,114,,,,Mar/Abr/2006
Descargas eletrostáticas,,37,114,,,,Mar/Abr/2006
Gerador de percussão,,40,114,,,,Mar/Abr/2006
Circuitos com relés,,42,114,,,,Mar/Abr/2006
Práticas de Service,,44,114,,,,Mar/Abr/2006
Projetos eletrônicos com Electronics Workbench - parte 2,,49,114,,,,Mar/Abr/2006
Sinalizador automotivo,,54,114,,,,Mar/Abr/2006
Fusíveis,,56,114,,,,Mar/Abr/2006
Febrace,,2,115,,,,Mai/Jun/2006
Relógio binário com PIC,,6,115,,,,Mai/Jun/2006
Seção do leitor,,17,115,,,,Mai/Jun/2006
Traduzindo um datasheet,,18,115,,,,Mai/Jun/2006
Monte um teclado matricial,,20,115,,,,Mai/Jun/2006
"Miniprojetos (Regulador de tensão para dínamo, Oscilador de relaxação néon, Rejuvenescedor de pilhas, Wattímetro simples)",,24,115,,,,Mai/Jun/2006
Convergência e VoIP,,29,115,,,,Mai/Jun/2006
Efeito luminoso de potência com LEDs tricolores,,32,115,,,,Mai/Jun/2006
Service de circuitos de alta tensão (MAT),,36,115,,,,Mai/Jun/2006
Modulação digital de sinais - parte 1,,39,115,,,,Mai/Jun/2006
LEDs em 110/220 V,,42,115,,,,Mai/Jun/2006
Práticas de Service,,44,115,,,,Mai/Jun/2006
Projetos eletrônicos usando o Electronics Workbench - parte 3,,50,115,,,,Mai/Jun/2006
Rádio experimental transistorizado,,56,115,,,,Mai/Jun/2006
Teste de componentes,,59,115,,,,Mai/Jun/2006
Seção do leitor,,4,116,,,,Junho/2006
Gravadores de PIC - McFlash/McPlus,,6,116,,,,Junho/2006
"Projetos de Leitores (edição ""Fora de Série"" com 42/43 projetos enviados por leitores)",,14,116,,,títulos individuais não catalogados nesta passada — não há lista compacta no índice original; ver revista física,Junho/2006
Práticas de service,,43,116,,,,Junho/2006
Notações,,50,116,,,,Junho/2006
Projetos eletrônicos usando o Electronics Workbench,,52,116,,,,Junho/2006
Conversor RS-232/TTL duplo,,56,116,,,,Junho/2006
Quadrinhos,,62,116,,,,Junho/2006
Placa suporte AVR ISP,,6,117,,,Texto da capa confirma. Título da capa: Placa suporte AVR ISP + AVR fora do circuito.,Jul/Ago/2006
Projetos eletrônicos usando o Electronics Workbench,,17,117,,,Parte 2. Índice: Electronics Workbench................17. Capa confirma Electronics Workbench.,Jul/Ago/2006
Inglês instrumental,,17,117,,,Capa menciona “Inglês instrumental”. Índice p3 col direita ( Electronics ... Workbench................17 / Inglês instrumental).,Jul/Ago/2006
Termos para sinais,,24,117,,,"Índice p3: Termos para sinais....................,24.",Jul/Ago/2006
Receptor de VHF para captar aviões,,26,117,,,Índice p3 col dir. Capa: Receptor de VHF para captar aviões + Raios X.,Jul/Ago/2006
Potenciômetro digital com PIC: PD-PIC,,28,117,,,Índice: PIC: PD-PIC.........................28. Capa: Potenciômetro digital com PIC.,Jul/Ago/2006
Modulador ASK (Modulação digital de sinais),,37,117,,,Índice: “ASK...........37”. Capa: Modulação digital de sinais.,Jul/Ago/2006
Conheça o circuito integrado 555,,40,117,,,Índice: 555...40. Capa: Conheça o circuito integrado 555.,Jul/Ago/2006
Práticas de service,,46,117,,,"Índice: service................,....46. Capa: Práticas de service.",Jul/Ago/2006
O Problema do barqueiro,,50,117,,,Índice p3: barqueiro..............50. Capa: O Problema do barqueiro.,Jul/Ago/2006
Debugger ICD2,,56,117,,,Parte 1. Capa menciona Debugger ICD2 e gravador ET-AVR ISP.,Jul/Ago/2006
Seção do leitor,,2,118,,,,
Notícias,,4,118,,,,
Por dentro das eleições,,8,118,,,,
Conversor RS-232/USB - USB/RS-232,,12,118,,,,
WinAVR,,17,118,,,,
Montagens práticas para segurança eletrônica,,22,118,,,,
Logaritmos,,27,118,,,,
Traduzindo um datasheet,,30,118,,,,
"Coletânea de circuitos alimentados por 1,5 V",,32,118,,,,
Ouvindo através das paredes,,35,118,,,,
Modulador BFSK,,38,118,,,,
Simulação de circuitos lógicos digitais,,41,118,,,,
Práticas de service,,46,118,,,,
Debugger ICD 2 - Parte final,,50,118,,,,
Quebra-cabeças eletrônico,,60,118,,,,
Quadrinhos,,64,118,,,,
Dimmer para lâmpadas usando o microcontrolador MC9RS08KA2,,2,119,,,,
Conserto de lâmpadas fluorescentes compactas,,6,119,,,,
Voz sobre música,,12,119,,,,
O que é decibel?,,15,119,,,,
Seção do leitor,,17,119,,,,
Conheça o circuito integrado 4018,,18,119,,,,
Usando a Internet: os mecanismos de busca,,21,119,,,,
Miniprojetos,,24,119,,,,
Transceptor experimental para faixa de VHF,,31,119,,,,
Ultra-som,,34,119,,,,
Modulador BPSK,,38,119,,,,
Projetos eletrônicos usando o Electronics Workbench parte final,,40,119,,,,
Práticas de service,,45,119,,,,
Uso do IC-Prog para gravação de PIC,,50,119,,,,
Alarme psicológico,,58,119,,,,
Como enrolar pequenos indutores,,60,119,,,,
Seção do leitor,,4,120,,,,
Uso do WinPic800 para gravação de PIC,,5,120,,,,
Projetos dos leitores,,11,120,,,"edição ""Fora de Série"" — títulos individuais não catalogados nesta passada; ver revista física",
Práticas de service,,41,120,,,,
Usando a Internet - Parte 2,,50,120,,,,
Aplicações do decibel,,52,120,,,,
Dado-PIC,,55,120,,,,
Medidor de absorção de ELF,,60,120,,,,
"As usinas elétricas, dínamos e motores",,2,121,,,,
Interface entre GPS e LCD microcontrolada,,8,121,,,,
Manutenção e reparação de CD Players,,14,121,,,,
Seção do leitor,,17,121,,,,
Seja educado,,18,121,,,,
Miniprojetos,,20,121,,,,
Redes sem fio (wireless),,26,121,,,,
Osciladores: o que você precisa saber,,30,121,,,,
Os transistores BC548/BC558,,34,121,,,,
Flip-flops CMOS,,38,121,,,,
Experimentos com o osciloscópio,,40,121,,,,
Práticas de service,,43,121,,,,
As válvulas,,50,121,,,,
Controle remoto por lanterna,,54,121,,,,
Braço de ferro,,58,121,,,,
Os radiadores de calor,,62,121,,,,
Seção do leitor,,2,122,,,,
Fonte 12V/3A para bancada,,4,122,,,,
Recursos educacionais do MultiSim,,10,122,,,,
Coração eletrônico com duplo T,,14,122,,,,
Miniprojetos,,17,122,,,,
Gravação magnética perpendicular,,21,122,,,,
Tomografia computadorizada,,24,122,,,,
Impressoras laser,,28,122,,,,
Conhecendo e usando SCRs,,32,122,,,,
Experimentos com indutores,,37,122,,,,
Registradores PORTx DDRx e PINx,,40,122,,,,
Práticas de service,,45,122,,,,
Séries de Fourier,,50,122,,,,
Projetos simples com LEDs pisca-pisca,,54,122,,,,
Como fazer a leitura do valor de capacitores,,58,122,,,,
Erros comuns no uso do multímetro,,62,122,,,,
Seção do leitor,,2,123,,,,
Grilo eletrônico,,4,123,,,,
Oscilador controlado por temperatura,,6,123,,,,
Fan Control - Controle para ventoinhas do PC,,8,123,,,,
Criando restrições no MultiSim,,17,123,,,,
Potências PMPO e RMS em áudio,,20,123,,,,
Como funciona o RFID,,23,123,,,,
Filtros contra interferências eletromagnéticas,,26,123,,,,
Defeitos intermitentes,,29,123,,,,
Alarme de proximidade infravermelho,,32,123,,,,
Experimentos com osciloscópio – Parte 3,,35,123,,,,
Impressoras laser - Parte 2,,38,123,,,,
Miniprojetos,,41,123,,,,
Práticas de service,,44,123,,,,
Febrace 2007,,50,123,,,,
Regulador de tensão para uso em uma matriz de contatos,,54,123,,,,
Exposec: tecnologia para segurança,,4,124,,,,
Módulos híbridos RT4-RR3 - Transmissor e receptor,,6,124,,,,
"Registradores TCCR0, TCNT0 e TIMSK - controle do TIMER0",,9,124,,,,
Projetos dos leitores,,16,124,,,,
Práticas de service,,41,124,,,,
Multitraço para osciloscópio,,50,124,,,,
Sistemas de alarmes de intrusão,,56,124,,,,
Seção do leitor,,2,125,,,,
Sensores magnéticos de alarmes,,4,125,,,,
Fonte de 5 V x 500 mA usando a porta USB,,12,125,,,,
Notações e textos no MultiSim,,14,125,,,,
"Registradores MCUCR, GICR e GIFR – controle de interrupção externa",,17,125,,,,
Problemas causados por transmissores de FM,,22,125,,,,
Impressoras Laser – parte 3,,24,125,,,,
Fechadura de código,,28,125,,,,
O que são e como funcionam os potenciômetros digitais,,30,125,,,,
Miniprojetos,,36,125,,,,
Reparando amplificadores de potência,,41,125,,,,
Práticas de service,,44,125,,,,
Como fazer montagens com válvulas,,50,125,,,,
Alarme de pêndulo,,54,125,,,,
Experimentos com o osciloscópio,,56,125,,,,
Amplificador de 70 W com o TDA7294,,60,125,,,,
A fórmula de Wheeler,,64,125,,,,
Desafios da eletrônica,,2,126,,,,
Sistemas de detecção e alarme de incêndio,,6,126,,,,
Estimulador para tratamento de celulite,,14,126,,,,
Seção do leitor,,17,126,,,,
Quanto custa um banho?,,19,126,,,,
Descobrindo erros de conexão no MultiSim,,22,126,,,,
Procedimentos para diagnóstico de defeitos,,24,126,,,,
Alarme de corte de linha telefônica,,27,126,,,,
Controle de SCR e TRIAC por zero crossing,,30,126,,,,
Experimentos com o osciloscópio – parte 5,,33,126,,,,
Fontes lineares,,36,126,,,,
Amplificador em ponte de 150W com o TDA7294,,41,126,,,,
Práticas de service,,44,126,,,,
Memo-µC – Banco de memória externo para microcontroladores,,50,126,,,,
Voltímetro com PIC – VoltPic,,60,126,,,,
Seção do leitor,,2,127,,,,
RTC-PIC: Relógio de tempo real com I²C – parte 1,,4,127,,,,
Recuperação de equipamentos valvulados,,11,127,,,,
O analisador de espectro e o traçador de curvas do MultiSim,,14,127,,,,
Miniprojetos,,17,127,,,,
O forno de microondas,,21,127,,,,
Alarme com o CI 4093,,27,127,,,,
Conheça o PLL,,30,127,,,,
Amplificador em ponte com o TDA2040,,34,127,,,,
Ajuste de receptores de rádio,,37,127,,,,
Reguladores de tensão,,40,127,,,,
Práticas de Service,,44,127,,,,
Semicondutores,,50,127,,,,
O custo da eficiência energética,,54,127,,,,
Extensão para controle remoto,,58,127,,,,
Miniluminária para PC usando a porta USB,,62,127,,,,
Seção do leitor,,2,129,,,,
Controlador Smart,,4,129,,,,
Sensor piroelétrico de presença,,8,129,,,,
NI ELVIS – Uma visão mais detalhada,,12,129,,,,
Práticas de Service,,17,129,,,,
Os ultra-sons,,24,129,,,,
Miniprojetos,,28,129,,,,
Alarme de uso geral,,32,129,,,,
Cinco circuitos controlados por toque,,34,129,,,,
Espantalho eletrônico,,38,129,,,,
Mata-baratas eletrônico,,40,129,,,,
Receptor regenerativo a válvula,,43,129,,,,
Fontes sem transformador,,46,129,,,,
Relógio Big,,50,129,,,,
Expansão de pinos para PIC,,60,129,,,,
Seção do leitor,,2,130,,,,
Relógio de tempo real – parte II,,4,130,,,,
Controle remoto com dupla função,,10,130,,,,
Alarme de vazamentos,,14,130,,,,
Práticas de Service,,17,130,,,,
Microfone de eletreto para PC,,22,130,,,,
Capacímetro digital MC-152,,24,130,,,,
Figuras de Lissajous no NI MultiSim,,26,130,,,,
Luz de emergência,,32,130,,,,
O que você precisa saber sobre alto-falantes,,36,130,,,,
Eletrificador de cercas,,40,130,,,,
Miniprojetos,,43,130,,,,
Os efeitos dos estímulos elétricos no organismo,,46,130,,,,
Faça placas-mãe de circuito impresso com acabamento semiprofissional,,50,130,,,,
Watchdog implementado por Hardware,,56,130,,,,
Spot de efeitos especiais para PC,,62,130,,,,
Seção do leitor,,4,132,,,"edição ""Fora de Série"" — títulos individuais não catalogados nesta passada; ver revista física",
Reportagem,,6,132,,,"edição ""Fora de Série"" — títulos individuais não catalogados nesta passada; ver revista física",
Super Projetos dos leitores,,10,132,,,"edição ""Fora de Série"" — títulos individuais não catalogados nesta passada; ver revista física",
Práticas de Service,,50,132,,,"edição ""Fora de Série"" — títulos individuais não catalogados nesta passada; ver revista física",
Seção do leitor,,2,133,,,,
Grampo Telefônico – Como Fazer e como evitar,,4,133,,,,
Alarme de Luzes para o Carro,,8,133,,,,
Gravador para o microcontrolador PIC16F84A,,12,133,,,,
Práticas de Service,,17,133,,,,
Como calcular bobinas?,,26,133,,,,
Teste de isolamento,,28,133,,,,
Bargraph econômico,,32,133,,,,
"Fonte Universal para Bancada 1,5-13,6V x 1,5A",,35,133,,,,
Problemas com cabos,,38,133,,,,
A lâmpada de série,,42,133,,,,
Circuitos com amplificadores operacionais,,44,133,,,,
Vishay amplia linha 140CRH,,48,133,,,,
Controle digital de ventoinha com o MSP430,,50,133,,,,
Configuração correta dos registradores dos microcontroladores AVR - Parte Final,,52,133,,,,
Chaveador USB,,57,133,,,,
Temporizador Portátil de uso geral,,62,133,,,,
Seção do leitor,,2,134,,,,
Montagem de um laboratório de manutenção,,8,134,,,,
Som Automotivo,,13,134,,,,
Transformadores e fator de potência,,17,134,,,,
LM 3886 - Amplificador de alta performance de 68W,,22,134,,,,
Princípios Básicos de eletricidade e eletrônica,,25,134,,,,
Capacitores de tântalo,,32,134,,,,
Práticas de Service,,35,134,,,,
Projeção Crowbar para linha AC,,42,134,,,,
Drive de led branco,,43,134,,,,
Disjuntor de Estado Sólido,,44,134,,,,
A evolução dos Relés,,45,134,,,,
Jogo da senha,,50,134,,,,
Criando um projeto com PIC,,56,134,,,,
Amplificadores de 7 ou 14W com LM383,,62,134,,,,
Seção do leitor,,2,135,,,,
Reportagem,,3,135,,,,
Bancada Antiestática para manutenção e montagens eletrônicas,,8,135,,,,
Um auxiliar à manutenção: Carga teste de fontes de alimentação,,14,135,,,,
Acesse a Porta Paralela do PC com o Delphi,,17,135,,,,
Práticas de Service,,20,135,,,,
Detector de Fumaça usando o MSP430,,24,135,,,,
Fórmulas e Cálculos com SCRs e TRIACs,,26,135,,,,
Dez circuitos com reguladores de tensão,,28,135,,,,
Microfone para Computadores,,31,135,,,,
Capacitores como Fontes de Energia,,33,135,,,,
Sensor Infravermelho,,36,135,,,,
LM1771 Controlador tipo buck de baixa tensão,,38,135,,,,
Acopladores Ópticos em Circuitos Digitais,,40,135,,,,
Usos Diferentes Para LEDs Ultravioleta,,44,135,,,,
Como usar corretamente os Capacitores Eletrolíticos,,46,135,,,,
Você conhece o Kicad?,,50,135,,,,
Programação em Basic para o PIC,,58,135,,,,
Como trabalhar com Display LCD,,62,135,,,,
Curso Rápido de Eletrônica: Lição 1,,I,135,,,,
Curso Rápido de Eletrônica: Lição 2,,VIII,135,,,,
Montagens Simples com LEDs,,XV,135,,,,
Seção do Leitor,,3,137,,,,
Notícias,,4,137,,,,
Eliminador de Pilhas,,6,137,,,,
Curso Básico – Lição 4,,9,137,,,,
Miniprojetos,,16,137,,,,
Projetos dos Leitores,,19,137,,,,
Práticas de Service,,48,137,,,,
Fonte Variável de 0-12 V x 1 A,,54,137,,,,
Alarme Experimental,,57,137,,,,
O que você precisa saber sobre Osciladores,,59,137,,,,
Seção do Leitor,,2,139,,,,
Notícias,,4,139,,,,
Curso Rápido de Telecom - Parte 2,,6,139,,,,
"Fontes de fornos de micro-ondas ""made in China""",,12,139,,,,
Curso Rápido de Eletrônica,,17,139,,,,
"Fonte Regulável 1,2 a 12 V",,22,139,,,,
Driver para Diodo Laser,,25,139,,,,
Sistema de Partida Escalonada,,26,139,,,,
Circuitos e Soluções,,28,139,,,,
Cálculo de circuitos usando LEDs,,31,139,,,,
Valores médios e RMS para sinais,,36,139,,,,
LEDs Automotivos,,38,139,,,,
Programação Basic para o PIC,,40,139,,,,
Práticas de Service,,43,139,,,,
Dois projetos de Biofeedback,,46,139,,,,
Ionização Ambiente,,49,139,,,,
Automação Residencial,,56,139,,,,
Seção do Leitor,,2,140,,,,
Notícias,,3,140,,,,
Automação Residencial - parte final,,7,140,,,,
Curso Rápido de Telecom,,12,140,,,,
Curso Rápido de Eletrônica,,17,140,,,,
"Sensor de tensão isolado, de baixo custo",,24,140,,,,
Tudo sobre capacitores,,27,140,,,,
Circuitos 4093,,32,140,,,,
Simulador didático de polarização de um transistor TBJ NPN em diversas configurações,,35,140,,,,
Começando a programar um CLPIC,,39,140,,,,
Funcionamento e recuperação da válvula magnetron,,43,140,,,,
Bancada antiestática,,49,140,,,,
A necessidade do terra,,54,140,,,,
Sistema de irrigação microcontrolado com PIC,,59,140,,,,
Programação em BASIC para PIC mostrando Mensagens no Display LCD,,4,141,,,,
Curso Rápido de Telecom: Sinalização E1 R2-MFC e ISDN,,8,141,,,,
Curso de Eletrônica Lição 8: Como montar Circuitos,,17,141,,,,
Chaves Ópticas Darlington,,24,141,,,,
Identificando Transistores com o Multímetro,,26,141,,,,
Gerador de Áudio para a Bancada,,28,141,,,,
Tensão e Corrente (volts e ampères),,30,141,,,,
Três Osciladores para o Projetista,,35,141,,,,
Monitor de Eventos sem fio,,40,141,,,,
Transmissor Experimental de Ondas Curtas,,45,141,,,,
Fonte Chaveada com o CI 555,,49,141,,,,
10 Projetos Práticos de Fontes de Alimentação,,53,141,,,,
Seção do leitor,,2,142,,,,
Notícias,,4,142,,,,
Reparação de Fontes de Alimentação de PCs,,11,142,,,,
Fontes para Aparelhos Valvulados,,17,142,,,,
O que é som estereofônico?,,20,142,,,,
Lanternas de LEDs: Vantagens,,22,142,,,,
Associando alto-falantes,,24,142,,,,
Funcionamento e aplicação do Varistor de Proteção,,28,142,,,,
Simulador didático para aplicações com Divisor de tensão,,31,142,,,,
Simulador didático para aplicações com amplificadores operacionais,,34,142,,,,
Circuitos Integrados TTL,,38,142,,,"aparece truncado como ""TT"" no índice original",
Otimizando um projeto,,40,142,,,,
Pequeno Inversor para Fluorescentes e Eletrificação de Cercas,,44,142,,,,
Amplificador de áudio com operacional,,46,142,,,,
Circuitos com o 4001,,50,142,,,,
Luz Rítmica de três canais,,54,142,,,,
Espanta-mosquitos,,58,142,,,,
Injetor de Sinais,,60,142,,,,
Protetor de Equipamentos,,62,142,,,,
Seção do leitor,,4,143,,,,
Notícias,,6,143,,,,
Octa-I,,10,143,,,,
Estimulador de nervos,,16,143,,,,
Conheça o circuito integrado 555,,19,143,,,,
Teste de Cis 555,,24,143,,,,
Circuitos de Tempo com o 4093,,26,143,,,,
Numeração Binária,,30,143,,,,
Telepatia e telecinesia,,34,143,,,,
Materiais piroelétricos e piezoelétricos,,39,143,,,,
Luz de emergência de Nicad,,42,143,,,,
Como eliminar roncos,,46,143,,,,
Luz Temporizada,,51,143,,,,
Controle de abertura de porta com o Arduíno,,52,143,,,,
4 fontes de alimentação simples,,56,143,,,,
Fonte de alta tensão sem transformador,,60,143,,,,
Chocadeira 1.0,,62,143,,,,
Seção do leitor,,4,144,,,,
Notícias,,6,144,,,,
Robô Inteligente II,,10,144,,,,
Controle Óptico,,16,144,,,,
Alarme de Toque,,19,144,,,,
Experimentos com Diodos,,22,144,,,,
Multímetro na reparação de Fontes,,30,144,,,,
Rítmica Diferente,,38,144,,,,
Eletrônica que mata,,41,144,,,,
Diagnosticando Defeitos,,44,144,,,,
Medição de Pequenos Indutores,,48,144,,,,
Pesquisador de RF,,51,144,,,,
Substituição de unidade Ótica,,52,144,,,,
Aquecedor de Água,,56,144,,,,
Circuitos de Áudio,,60,144,,,,
Luminária de Emergência,,64,144,,,,
Seção do Leitor,,4,145,,,,
Notícias,,6,145,,,,
Reportagem,,8,145,,,,
Curso de Instrumentação,,10,145,,,,
Balança para Automação com uso do Arduino,,14,145,,,,
"Montagem de um medidor de Corrente Alternada (12,5A)",,19,145,,,,
Controle para Portão Automático de Garagem,,22,145,,,,
Projetando um multivibrador Astável de Potência,,34,145,,,,
Transmissor AM Potente,,38,145,,,,
Alarme com Sirene,,41,145,,,,
Controle Remoto de Multicanais,,44,145,,,,
Chuveiro Eletrônico,,47,145,,,,
Teste ATX 1.0 com PIC 16F877A para Fontes de PC,,51,145,,,,
Placas de Circuito Impresso,,56,145,,,,
Banco de pequenos projetos e ideias,,62,145,,,,
Seção do Leitor,,4,146,,,,
Notícias,,6,146,,,,
Eletrificador Portátil,,10,146,,,,
Curso de Instrumentação: O Galvanômetro,,14,146,,,,
Teste de Alcance Auditivo,,19,146,,,,
Funcionamento da Placa de Comando,,22,146,,,,
Ozonizador de Água,,29,146,,,,
Carregadores de Bateria,,32,146,,,,
Entendendo as Especificações de Motores,,34,146,,,,
Teste de transistores,,36,146,,,,
Lanterna de Emergência,,38,146,,,,
Sinalizador CMOS,,40,146,,,,
Luz de cabeceira com dimmer,,42,146,,,,
Pêndulo Mágico,,44,146,,,,
Emissor de Bips em FM/VHF,,48,146,,,,
Como Soldar,,51,146,,,,
Robô Detector de Movimentos,,56,146,,,,
Reflexo Rápido,,60,146,,,,
Orientando Antenas Parabólicas,,62,146,,,,
O oscilóscopio na manutenção de aparelhos eletrônicos,,6,147,,,,
Forno de Micro-ondas: Funcionamento e teste do diodo de alta tesão,,10,147,,,,
Conheça os SCRs,,14,147,,,,
Protetor de computadores,,16,147,,,,
Tomografia computadorizada e ressonância magnética: Como Funcionam,,19,147,,,,
Os fornos de micro-ondas,,22,147,,,,
Potência RMS x PMPO,,28,147,,,,
Motores de Corrente Contínua,,30,147,,,,
Por dentro do Sol,,34,147,,,,
Sequencial de 6 canais,,38,147,,,,
Rádio experimental de gilete,,42,147,,,,
Teste de Isolamento,,46,147,,,,
Inglês para eletrônicos,,50,147,,,,
Conheça o 4017,,52,147,,,,
Eletroíma Ferradura,,58,147,,,,
Automatismo biestável para relé,,61,147,,,,
Luz Rítmica,,64,147,,,,
Seção do Leitor,,4,148,,,,
Notícias,,5,148,,,,
Estudo dos Semicondutores Parte 1,,8,148,,,,
Um Inversor barato para seu Carro,,12,148,,,,
Medidor de Temperatura Digital com termopar K e CI AD595,,16,148,,,,
Aplicativos 4093,,20,148,,,,
Luz robô-rítmica,,28,148,,,,
Circuitos para controle de Motores de Passo,,30,148,,,,
Guindaste de Torre,,33,148,,,,
Potente Link de FM,,38,148,,,,
Oscilador de UHF,,40,148,,,,
Carregador de Nicad,,42,148,,,,
Indutâncias,,44,148,,,,
Relé com trava,,50,148,,,,
Alarme Sonoro,,52,148,,,,
Fonte de Alimentação,,56,148,,,,
Programação em Basic para o PIC,,4,149,,,,
Fase de sistemas de alto-falante,,8,149,,,,
Condutividade das Soluções,,12,149,,,,
"Som, Alto Falantes e Microfones",,14,149,,,,
Inglês para eletrônicos,,19,149,,,,
Maior Alcance para transmissor,,20,149,,,,
Lâmpada Mágica,,24,149,,,,
Instalação elétrica domiciliar,,28,149,,,,
Estudo dos semicondutores,,34,149,,,,
Transmissor para Sinalização,,38,149,,,,
Analisador de circuitos,,40,149,,,,
Sensor óptico,,44,149,,,,
Luz biestável Magnética,,46,149,,,,
Sinalizador Fluorescente de 12V,,48,149,,,,
Sequencial Acelerada,,52,149,,,,
Audio biofeedback,,58,149,,,,
Mini timer,,62,149,,,,
Display giratório,,64,149,,,,
Três circuitos práticos com PIC16F628A,,6,150,,,,
Inglês para eletrônicos,,12,150,,,,
Projeto de controle de Motores de passo,,14,150,,,,
Conheça o LM3914,,19,150,,,,
Tiristores como relés e chaves,,28,150,,,,
Estudo do TRIAC,,32,150,,,,
Estudo dos Semicondutores,,35,150,,,,
Antenas Diretivas,,38,150,,,,
OVNIs e outros fenômenos,,43,150,,,,
Circuito Acionados por Toque,,46,150,,,,
Funcionamento dos Osciladores,,49,150,,,,
Árvore de Natal microcontrolada,,52,150,,,,
Potente pulsador sonoro,,58,150,,,,
Massageador Magnético,,61,150,,,,
Circuito Eletrônico para Fluorescentes,,65,150,,,,
Multímetros Profissionais,,6,151,,,,
Diagnóstico e reparação,,8,151,,,,
Como eliminar roncos,,14,151,,,,
Alarme de queda em piscina,,19,151,,,,
Galvanômetro experimental,,22,151,,,,
Construa um Variac,,27,151,,,,
VU-Meter analógico,,30,151,,,,
4 Circuitos de controle de luz,,32,151,,,,
Flip-Flops TTL,,38,151,,,,
Filtros passa faixa,,42,151,,,,
Estudo dos Semicondutores,,48,151,,,,
Teste microcontrolado para cabos de rede,,51,151,,,,
Controle de displays de LEDs,,56,151,,,,
Noticias,,3,152,,,,
Solução Open Source para programação de Microcontroladores PIC utilizando LINUX,,6,152,,,,
Matemática para Técnicos: Estudo do Logaritmo e a Definição do dB,,13,152,,,,
Sensor de Vibração com Fibra Óptica,,25,152,,,,
Inglês para Eletrônicos,,30,152,,,,
O Alto-falante,,32,152,,,,
Funcionamento e Aplicação do Diodo Varicap,,36,152,,,,
Amplificadores Operacionais e Comparadores de Tensão,,43,152,,,,
Os Osciladores controlados a Cristal,,54,152,,,,
O Funcionamento do Microfone,,62,152,,,,
Amplificadores Transistorizados,,70,152,,,,
Reostatos para painéis de veículos e máquinas,,85,152,,,,
"Os Transistores: Saiba como transformá-los em ótimas soluções para problemas no ""chão de fábrica""",,88,152,,,,
Outras Aplicações para os Transformadores,,109,152,,,,
Resolvendo Problemas com o CI 4093,,8,153,,,,
"Matemática para Técnicos: A Função ""Seno"" e a Onda Senoidal",,14,153,,,,
Funcionamento do Controle Automático de Ganho (CAG),,19,153,,,,
Técnica de Modulação Multiportadora,,22,153,,,,
Tecnologias em Banda Larga,,27,153,,,,
O que é o Phase Locked Loop?,,30,153,,,,
Tecnologias dos Resistores de Precisão,,36,153,,,,
Perguntas e Respostas mais Frequentes sobre Componentes Eletrônicos,,41,153,,,,
Acopladores & Chaves Ópticas,,43,153,,,,
Técnicas de Extração de Circuitos Integrados SIP e DIP,,48,153,,,,
Trabalhos com o Arduino Uno,,52,153,,,,
Soluções Práticas para o Técnico de Campo,,58,153,,,,
Inglês para Eletrônicos,,62,153,,,,
Estudo e Aplicação dos Circuitos de Pré-Ênfase e De-Ênfase,,64,153,,,,
Teoria da Oscilação Senoidal,,8,154,,,,
O que é Visão Robótica?,,10,154,,,,
A Sucata Tecnológica e sua Utilização em Estudos de Robótica,,14,154,,,,
Inglês para Eletrônicos,,18,154,,,,
Conversão de Tensão para Corrente,,20,154,,,,
10 Amplificadores para Sensores e Transdutores,,23,154,,,,
Seleção de Amplificadores de Áudio,,27,154,,,,
5 Soluções Práticas,,35,154,,,,
Modulação e Transmissão em SSB,,39,154,,,,
Conversão de Frequência,,44,154,,,,
Relés de Estado Sólido,,47,154,,,,
Os Tiristores GTO e IGCT,,52,154,,,,
Filtros Especiais para Operação em Altas Frequências,,57,154,,,,
Técnicas de Projeto e Montagem de Placas de Circuito Impresso,,60,154,,,,
Trabalhos Práticos com Arduino – Parte 2,,7,155,,,,
Inglês para Eletrônicos,,10,155,,,,
Impressora 3D. Monte você mesmo uma impressora 3D para realizar protótipos em plástico,,12,155,,,,
Processo de Multiplexação,,16,155,,,,
Eletrocardiograma: Monitoramento dos Batimentos Cardíacos,,19,155,,,,
As Principais Características dos Circuitos Sintonizados,,22,155,,,,
Curso de Tecnologia e Montagem de Circuitos Eletrônicos,,26,155,,,,
Estudo e Aplicação as Linhas de Transmissão,,36,155,,,,
Sistemas Trifásicos,,43,155,,,,
Perguntas e Respostas mais Frequentes sobre Componentes Eletrônicos,,50,155,,,,
Módulo de Voz ISD1932 Aplicado à Robótica: Direct Mode,,52,155,,,,
Antenas: Uma Análise sobre os Principais Tipos e Aplicações,,62,155,,,,
Relé de Aproximação,,6,156,,,,
Inglês para Eletrônicos,,8,156,,,,
HOME THEATER no PC,,10,156,,,,
Motores DC e Caixas de Redução,,14,156,,,,
Funcionamento das Chaves de Proteção,,20,156,,,,
Identificação por Radiofrequência: Aplicação em indústria,,24,156,,,,
Motores de Passo,,29,156,,,,
O que é o NI ELVIS?,,32,156,,,,
Utilizando o Multímetro no Teste de IGBTs e Power-MOSFETs,,36,156,,,,
Osciloscópio: Dicionário de Termos Técnicos em Inglês,,40,156,,,,
Definição e Medição do Erro de Rastreio,,45,156,,,,
Utilizando o Osciloscópio no Diagnóstico e Manutenção de Fontes Chaveadas,,48,156,,,,
Perguntas e Respostas mais Frequentes sobre Componentes Eletrônicos – Parte 4,,51,156,,,,
Transientes em Circuitos com Tiristores,,52,156,,,,
Conheça o SIDAC,,56,156,,,,
Controlando Brinquedos com Microcontroladores PIC,,59,156,,,,
Detector de Nível,,63,156,,,,
Sistemas Embutidos,,65,156,,,,
Dez razões para usar o NI ELVIS,,6,157,,,,
Conheça os principais tipos de sensores de temperatura,,8,157,,,,
Conversor A/D para Joystick,,10,157,,,,
Transmissores,,16,157,,,,
Aterramento elétrico eficiente,,19,157,,,,
Características e tendências das emissoras de radiodifusão,,23,157,,,,
Provador de isolamento,,27,157,,,,
Funcionamento do limitador de ruído e do demodulador do receptor em FM,,31,157,,,,
Estudo das fontes ressonantes,,36,157,,,,
Práticas com o multímetro no teste de componentes,,40,157,,,,
Inglês para eletrônicos,,46,157,,,,
Introdução à tecnologia FPGA,,48,157,,,,
Perguntas e respostas,,50,157,,,,
Controle sua Casa com o Raspberry Pi,,10,158,,,,
Braço Robótico com Arduino e LabVIEW,,14,158,,,,
Sensores e Amplificadores Operacionais,,19,158,,,,
Algoritmo de Mapeamento de Labirintos,,22,158,,,,
Controles Automáticos de Temperatura,,29,158,,,,
Inglês para Eletrônicos,,36,158,,,,
Ensinando FFT na Prática com o NI LabVIEW,,38,158,,,,
Filtro de Linha,,41,158,,,,
Switches On-Off com o Arduino,,43,158,,,,
Usando o Osciloscópio no Service de TV e Vídeo,,52,158,,,,
Sistema de Medição de Som e Vibração,,56,158,,,,
Entenda de fato o que é um Sistema de Tempo Real,,58,158,,,,
Detectores de Passagem,,60,158,,,,
PCDuino: Mini PC + Arduino em uma Única Plataforma,,10,159,,,,
Como Recuperar o Magnetron,,16,159,,,,
Testando e Identificando Motores de Passo com Microcontroladores PIC,,19,159,,,,
Aplicação do Diodo Peltier no Processo de Refrigeração,,22,159,,,,
"Raio X: Infravermelhos, Ultravioletas e Cósmicos",,26,159,,,,
Inglês para eletrônicos,,30,159,,,,
Como Escolher as Melhores Técnicas de Visualização para o seu Sistema de Medição,,32,159,,,,
Usos para o Osciloscópio: Traçador de Curvas,,34,159,,,,
Como Usar Corretamente seu Multímetro,,38,159,,,,
Indicador de Sequência de Fases,,42,159,,,,
NI myRIO: Projeto Embarcado para Estudantes,,47,159,,,,
Medição em RF: Dicas para Reduzir o tempo,,50,159,,,,
Detector de Fugas,,52,159,,,,
Montagens de Circuitos Práticos,,55,159,,,,
Alarme sem Fio,,59,159,,,,
Display LCD com Arduino,,64,159,,,,
